"0114 Upplands V�sby";"320 hyreshusenhet, bost�der";1969581;0
"0114 Upplands V�sby";"321 hyreshusenhet, bost�der och lokaler";7099793;344164
"0114 Upplands V�sby";"322 hyreshusenhet, hotell eller restaurangbyggnad";0;68997
"0114 Upplands V�sby";"325 hyreshusenhet, lokaler";0;2565868
"0114 Upplands V�sby";"ovr �vriga hyreshusenheter";102753;104652
"0115 Vallentuna";"320 hyreshusenhet, bost�der";1189499;0
"0115 Vallentuna";"321 hyreshusenhet, bost�der och lokaler";2259344;159695
"0115 Vallentuna";"322 hyreshusenhet, hotell eller restaurangbyggnad";0;34421
"0115 Vallentuna";"325 hyreshusenhet, lokaler";0;332727
"0115 Vallentuna";"ovr �vriga hyreshusenheter";85450;32889
"0117 �ster�ker";"320 hyreshusenhet, bost�der";1027938;0
"0117 �ster�ker";"321 hyreshusenhet, bost�der och lokaler";2687250;171544
"0117 �ster�ker";"322 hyreshusenhet, hotell eller restaurangbyggnad";4812;145001
"0117 �ster�ker";"325 hyreshusenhet, lokaler";0;1089914
"0117 �ster�ker";"ovr �vriga hyreshusenheter";152642;64014
"0120 V�rmd�";"320 hyreshusenhet, bost�der";1580162;0
"0120 V�rmd�";"321 hyreshusenhet, bost�der och lokaler";2657232;122541
"0120 V�rmd�";"322 hyreshusenhet, hotell eller restaurangbyggnad";1405;204682
"0120 V�rmd�";"325 hyreshusenhet, lokaler";0;1479646
"0120 V�rmd�";"ovr �vriga hyreshusenheter";188119;65300
"0123 J�rf�lla";"320 hyreshusenhet, bost�der";2430501;0
"0123 J�rf�lla";"321 hyreshusenhet, bost�der och lokaler";13125285;1032851
"0123 J�rf�lla";"322 hyreshusenhet, hotell eller restaurangbyggnad";0;124931
"0123 J�rf�lla";"325 hyreshusenhet, lokaler";0;4304308
"0123 J�rf�lla";"ovr �vriga hyreshusenheter";297566;153814
"0125 Eker�";"320 hyreshusenhet, bost�der";733293;0
"0125 Eker�";"321 hyreshusenhet, bost�der och lokaler";519456;159179
"0125 Eker�";"322 hyreshusenhet, hotell eller restaurangbyggnad";5910;115367
"0125 Eker�";"325 hyreshusenhet, lokaler";0;186739
"0125 Eker�";"ovr �vriga hyreshusenheter";62724;7159
"0126 Huddinge";"320 hyreshusenhet, bost�der";3276748;0
"0126 Huddinge";"321 hyreshusenhet, bost�der och lokaler";12764382;1100291
"0126 Huddinge";"322 hyreshusenhet, hotell eller restaurangbyggnad";3847;163356
"0126 Huddinge";"325 hyreshusenhet, lokaler";0;7287971
"0126 Huddinge";"ovr �vriga hyreshusenheter";180112;606876
"0127 Botkyrka";"320 hyreshusenhet, bost�der";2169221;0
"0127 Botkyrka";"321 hyreshusenhet, bost�der och lokaler";11249414;671417
"0127 Botkyrka";"322 hyreshusenhet, hotell eller restaurangbyggnad";1296;59378
"0127 Botkyrka";"325 hyreshusenhet, lokaler";0;1421247
"0127 Botkyrka";"ovr �vriga hyreshusenheter";8000;32378
"0128 Salem";"320 hyreshusenhet, bost�der";592852;0
"0128 Salem";"321 hyreshusenhet, bost�der och lokaler";1315186;37602
"0128 Salem";"322 hyreshusenhet, hotell eller restaurangbyggnad";0;6630
"0128 Salem";"325 hyreshusenhet, lokaler";0;105537
"0128 Salem";"ovr �vriga hyreshusenheter";1710;6627
"0136 Haninge";"320 hyreshusenhet, bost�der";1521613;0
"0136 Haninge";"321 hyreshusenhet, bost�der och lokaler";11676885;1326994
"0136 Haninge";"322 hyreshusenhet, hotell eller restaurangbyggnad";7280;124297
"0136 Haninge";"325 hyreshusenhet, lokaler";0;2095406
"0136 Haninge";"ovr �vriga hyreshusenheter";167874;321131
"0138 Tyres�";"320 hyreshusenhet, bost�der";1966339;0
"0138 Tyres�";"321 hyreshusenhet, bost�der och lokaler";5517729;223480
"0138 Tyres�";"322 hyreshusenhet, hotell eller restaurangbyggnad";0;31398
"0138 Tyres�";"325 hyreshusenhet, lokaler";0;713827
"0138 Tyres�";"ovr �vriga hyreshusenheter";43027;68878
"0139 Upplands-Bro";"320 hyreshusenhet, bost�der";1375288;0
"0139 Upplands-Bro";"321 hyreshusenhet, bost�der och lokaler";3036964;139249
"0139 Upplands-Bro";"322 hyreshusenhet, hotell eller restaurangbyggnad";0;165373
"0139 Upplands-Bro";"325 hyreshusenhet, lokaler";0;325991
"0139 Upplands-Bro";"ovr �vriga hyreshusenheter";35400;72847
"0140 Nykvarn";"320 hyreshusenhet, bost�der";373620;0
"0140 Nykvarn";"321 hyreshusenhet, bost�der och lokaler";364424;41544
"0140 Nykvarn";"322 hyreshusenhet, hotell eller restaurangbyggnad";2541;72439
"0140 Nykvarn";"325 hyreshusenhet, lokaler";0;15286
"0140 Nykvarn";"ovr �vriga hyreshusenheter";8526;2835
"0160 T�by";"320 hyreshusenhet, bost�der";2556242;0
"0160 T�by";"321 hyreshusenhet, bost�der och lokaler";13974038;488596
"0160 T�by";"322 hyreshusenhet, hotell eller restaurangbyggnad";0;163845
"0160 T�by";"325 hyreshusenhet, lokaler";0;5024009
"0160 T�by";"ovr �vriga hyreshusenheter";164400;54619
"0162 Danderyd";"320 hyreshusenhet, bost�der";1688047;0
"0162 Danderyd";"321 hyreshusenhet, bost�der och lokaler";5276626;407138
"0162 Danderyd";"322 hyreshusenhet, hotell eller restaurangbyggnad";0;4331
"0162 Danderyd";"325 hyreshusenhet, lokaler";0;2048478
"0162 Danderyd";"ovr �vriga hyreshusenheter";34760;9225
"0163 Sollentuna";"320 hyreshusenhet, bost�der";2216581;0
"0163 Sollentuna";"321 hyreshusenhet, bost�der och lokaler";12889285;840107
"0163 Sollentuna";"322 hyreshusenhet, hotell eller restaurangbyggnad";0;197091
"0163 Sollentuna";"325 hyreshusenhet, lokaler";0;4289627
"0163 Sollentuna";"ovr �vriga hyreshusenheter";183683;271808
"0180 Stockholm";"320 hyreshusenhet, bost�der";77994220;0
"0180 Stockholm";"321 hyreshusenhet, bost�der och lokaler";512906895;75650214
"0180 Stockholm";"322 hyreshusenhet, hotell eller restaurangbyggnad";177000;19701384
"0180 Stockholm";"325 hyreshusenhet, lokaler";0;209774699
"0180 Stockholm";"ovr �vriga hyreshusenheter";3908354;6775680
"0181 S�dert�lje";"320 hyreshusenhet, bost�der";3512160;0
"0181 S�dert�lje";"321 hyreshusenhet, bost�der och lokaler";13263061;1397879
"0181 S�dert�lje";"322 hyreshusenhet, hotell eller restaurangbyggnad";3786;230988
"0181 S�dert�lje";"325 hyreshusenhet, lokaler";0;2822218
"0181 S�dert�lje";"ovr �vriga hyreshusenheter";53656;673271
"0182 Nacka";"320 hyreshusenhet, bost�der";6893153;0
"0182 Nacka";"321 hyreshusenhet, bost�der och lokaler";19798361;762439
"0182 Nacka";"322 hyreshusenhet, hotell eller restaurangbyggnad";12196;511481
"0182 Nacka";"325 hyreshusenhet, lokaler";0;7952657
"0182 Nacka";"ovr �vriga hyreshusenheter";242783;365933
"0183 Sundbyberg";"320 hyreshusenhet, bost�der";4463875;0
"0183 Sundbyberg";"321 hyreshusenhet, bost�der och lokaler";20605801;1802061
"0183 Sundbyberg";"322 hyreshusenhet, hotell eller restaurangbyggnad";0;3347
"0183 Sundbyberg";"325 hyreshusenhet, lokaler";0;4725437
"0183 Sundbyberg";"ovr �vriga hyreshusenheter";233646;422717
"0184 Solna";"320 hyreshusenhet, bost�der";8514028;0
"0184 Solna";"321 hyreshusenhet, bost�der och lokaler";41716187;2955126
"0184 Solna";"322 hyreshusenhet, hotell eller restaurangbyggnad";0;1631574
"0184 Solna";"325 hyreshusenhet, lokaler";0;24473465
"0184 Solna";"ovr �vriga hyreshusenheter";609881;803244
"0186 Liding�";"320 hyreshusenhet, bost�der";3043342;0
"0186 Liding�";"321 hyreshusenhet, bost�der och lokaler";12534379;630486
"0186 Liding�";"322 hyreshusenhet, hotell eller restaurangbyggnad";38188;402748
"0186 Liding�";"325 hyreshusenhet, lokaler";0;813869
"0186 Liding�";"ovr �vriga hyreshusenheter";60765;15948
"0187 Vaxholm";"320 hyreshusenhet, bost�der";765190;0
"0187 Vaxholm";"321 hyreshusenhet, bost�der och lokaler";1341663;161242
"0187 Vaxholm";"322 hyreshusenhet, hotell eller restaurangbyggnad";4931;95942
"0187 Vaxholm";"325 hyreshusenhet, lokaler";0;42814
"0187 Vaxholm";"ovr �vriga hyreshusenheter";49700;3887
"0188 Norrt�lje";"320 hyreshusenhet, bost�der";2933949;0
"0188 Norrt�lje";"321 hyreshusenhet, bost�der och lokaler";4962961;561843
"0188 Norrt�lje";"322 hyreshusenhet, hotell eller restaurangbyggnad";872;228327
"0188 Norrt�lje";"325 hyreshusenhet, lokaler";0;1148739
"0188 Norrt�lje";"ovr �vriga hyreshusenheter";62156;58344
"0191 Sigtuna";"320 hyreshusenhet, bost�der";1624661;0
"0191 Sigtuna";"321 hyreshusenhet, bost�der och lokaler";6570974;475737
"0191 Sigtuna";"322 hyreshusenhet, hotell eller restaurangbyggnad";0;1022446
"0191 Sigtuna";"325 hyreshusenhet, lokaler";0;1813742
"0191 Sigtuna";"ovr �vriga hyreshusenheter";105223;661365
"0192 Nyn�shamn";"320 hyreshusenhet, bost�der";945370;0
"0192 Nyn�shamn";"321 hyreshusenhet, bost�der och lokaler";2749459;283608
"0192 Nyn�shamn";"322 hyreshusenhet, hotell eller restaurangbyggnad";0;113367
"0192 Nyn�shamn";"325 hyreshusenhet, lokaler";0;430326
"0192 Nyn�shamn";"ovr �vriga hyreshusenheter";18944;49430
"0305 H�bo";"320 hyreshusenhet, bost�der";559404;0
"0305 H�bo";"321 hyreshusenhet, bost�der och lokaler";1020051;98456
"0305 H�bo";"322 hyreshusenhet, hotell eller restaurangbyggnad";0;120955
"0305 H�bo";"325 hyreshusenhet, lokaler";0;269005
"0305 H�bo";"ovr �vriga hyreshusenheter";17652;4155
"0319 �lvkarleby";"320 hyreshusenhet, bost�der";68865;0
"0319 �lvkarleby";"321 hyreshusenhet, bost�der och lokaler";240664;29766
"0319 �lvkarleby";"322 hyreshusenhet, hotell eller restaurangbyggnad";0;24605
"0319 �lvkarleby";"325 hyreshusenhet, lokaler";0;51871
"0319 �lvkarleby";"ovr �vriga hyreshusenheter";0;1875
"0330 Knivsta";"320 hyreshusenhet, bost�der";361907;0
"0330 Knivsta";"321 hyreshusenhet, bost�der och lokaler";870754;118643
"0330 Knivsta";"322 hyreshusenhet, hotell eller restaurangbyggnad";0;51027
"0330 Knivsta";"325 hyreshusenhet, lokaler";0;171558
"0330 Knivsta";"ovr �vriga hyreshusenheter";46830;16078
"0331 Heby";"320 hyreshusenhet, bost�der";155591;0
"0331 Heby";"321 hyreshusenhet, bost�der och lokaler";225497;34895
"0331 Heby";"322 hyreshusenhet, hotell eller restaurangbyggnad";928;9251
"0331 Heby";"325 hyreshusenhet, lokaler";0;46539
"0331 Heby";"ovr �vriga hyreshusenheter";3197;3141
"0360 Tierp";"320 hyreshusenhet, bost�der";357285;0
"0360 Tierp";"321 hyreshusenhet, bost�der och lokaler";775524;118679
"0360 Tierp";"322 hyreshusenhet, hotell eller restaurangbyggnad";177;15233
"0360 Tierp";"325 hyreshusenhet, lokaler";0;157477
"0360 Tierp";"ovr �vriga hyreshusenheter";17208;8501
"0380 Uppsala";"320 hyreshusenhet, bost�der";13234347;0
"0380 Uppsala";"321 hyreshusenhet, bost�der och lokaler";48191329;4772906
"0380 Uppsala";"322 hyreshusenhet, hotell eller restaurangbyggnad";22379;589832
"0380 Uppsala";"325 hyreshusenhet, lokaler";0;11845210
"0380 Uppsala";"ovr �vriga hyreshusenheter";1028052;478160
"0381 Enk�ping";"320 hyreshusenhet, bost�der";1152950;0
"0381 Enk�ping";"321 hyreshusenhet, bost�der och lokaler";4267271;412927
"0381 Enk�ping";"322 hyreshusenhet, hotell eller restaurangbyggnad";0;86737
"0381 Enk�ping";"325 hyreshusenhet, lokaler";0;612106
"0381 Enk�ping";"ovr �vriga hyreshusenheter";106803;17309
"0382 �sthammar";"320 hyreshusenhet, bost�der";707197;0
"0382 �sthammar";"321 hyreshusenhet, bost�der och lokaler";619201;92803
"0382 �sthammar";"322 hyreshusenhet, hotell eller restaurangbyggnad";12269;35284
"0382 �sthammar";"325 hyreshusenhet, lokaler";0;180845
"0382 �sthammar";"ovr �vriga hyreshusenheter";14837;11176
"0428 Ving�ker";"320 hyreshusenhet, bost�der";79900;0
"0428 Ving�ker";"321 hyreshusenhet, bost�der och lokaler";272598;35410
"0428 Ving�ker";"322 hyreshusenhet, hotell eller restaurangbyggnad";586;19772
"0428 Ving�ker";"325 hyreshusenhet, lokaler";0;61204
"0428 Ving�ker";"ovr �vriga hyreshusenheter";17239;9951
"0461 Gnesta";"320 hyreshusenhet, bost�der";395632;0
"0461 Gnesta";"321 hyreshusenhet, bost�der och lokaler";435577;81657
"0461 Gnesta";"322 hyreshusenhet, hotell eller restaurangbyggnad";1565;33851
"0461 Gnesta";"325 hyreshusenhet, lokaler";0;57105
"0461 Gnesta";"ovr �vriga hyreshusenheter";0;5264
"0480 Nyk�ping";"320 hyreshusenhet, bost�der";2284146;0
"0480 Nyk�ping";"321 hyreshusenhet, bost�der och lokaler";5437567;681847
"0480 Nyk�ping";"322 hyreshusenhet, hotell eller restaurangbyggnad";3218;234575
"0480 Nyk�ping";"325 hyreshusenhet, lokaler";0;1272568
"0480 Nyk�ping";"ovr �vriga hyreshusenheter";138018;283229
"0481 Oxel�sund";"320 hyreshusenhet, bost�der";169643;0
"0481 Oxel�sund";"321 hyreshusenhet, bost�der och lokaler";1064412;68957
"0481 Oxel�sund";"322 hyreshusenhet, hotell eller restaurangbyggnad";0;13749
"0481 Oxel�sund";"325 hyreshusenhet, lokaler";0;86433
"0481 Oxel�sund";"ovr �vriga hyreshusenheter";13922;33506
"0482 Flen";"320 hyreshusenhet, bost�der";279073;0
"0482 Flen";"321 hyreshusenhet, bost�der och lokaler";772062;165840
"0482 Flen";"322 hyreshusenhet, hotell eller restaurangbyggnad";800;36833
"0482 Flen";"325 hyreshusenhet, lokaler";0;159376
"0482 Flen";"ovr �vriga hyreshusenheter";11179;23020
"0483 Katrineholm";"320 hyreshusenhet, bost�der";383883;0
"0483 Katrineholm";"321 hyreshusenhet, bost�der och lokaler";2801419;403995
"0483 Katrineholm";"322 hyreshusenhet, hotell eller restaurangbyggnad";1154;43148
"0483 Katrineholm";"325 hyreshusenhet, lokaler";0;391462
"0483 Katrineholm";"ovr �vriga hyreshusenheter";3466;32546
"0484 Eskilstuna";"320 hyreshusenhet, bost�der";3514830;0
"0484 Eskilstuna";"321 hyreshusenhet, bost�der och lokaler";11884824;1497831
"0484 Eskilstuna";"322 hyreshusenhet, hotell eller restaurangbyggnad";0;270855
"0484 Eskilstuna";"325 hyreshusenhet, lokaler";0;2294775
"0484 Eskilstuna";"ovr �vriga hyreshusenheter";29208;77956
"0486 Str�ngn�s";"320 hyreshusenhet, bost�der";1318422;0
"0486 Str�ngn�s";"321 hyreshusenhet, bost�der och lokaler";3182835;326190
"0486 Str�ngn�s";"322 hyreshusenhet, hotell eller restaurangbyggnad";1758;85447
"0486 Str�ngn�s";"325 hyreshusenhet, lokaler";0;456874
"0486 Str�ngn�s";"ovr �vriga hyreshusenheter";50936;23228
"0488 Trosa";"320 hyreshusenhet, bost�der";456736;0
"0488 Trosa";"321 hyreshusenhet, bost�der och lokaler";628450;48055
"0488 Trosa";"322 hyreshusenhet, hotell eller restaurangbyggnad";1072;35493
"0488 Trosa";"325 hyreshusenhet, lokaler";0;102762
"0488 Trosa";"ovr �vriga hyreshusenheter";17696;2713
"0509 �desh�g";"320 hyreshusenhet, bost�der";59436;0
"0509 �desh�g";"321 hyreshusenhet, bost�der och lokaler";76172;43099
"0509 �desh�g";"322 hyreshusenhet, hotell eller restaurangbyggnad";204;19810
"0509 �desh�g";"325 hyreshusenhet, lokaler";0;14746
"0509 �desh�g";"ovr �vriga hyreshusenheter";1925;9640
"0512 Ydre";"320 hyreshusenhet, bost�der";6201;0
"0512 Ydre";"321 hyreshusenhet, bost�der och lokaler";30665;9855
"0512 Ydre";"322 hyreshusenhet, hotell eller restaurangbyggnad";0;0
"0512 Ydre";"325 hyreshusenhet, lokaler";0;5029
"0512 Ydre";"ovr �vriga hyreshusenheter";32;879
"0513 Kinda";"320 hyreshusenhet, bost�der";96885;0
"0513 Kinda";"321 hyreshusenhet, bost�der och lokaler";196367;48149
"0513 Kinda";"322 hyreshusenhet, hotell eller restaurangbyggnad";222;10854
"0513 Kinda";"325 hyreshusenhet, lokaler";0;44177
"0513 Kinda";"ovr �vriga hyreshusenheter";0;8512
"0560 Boxholm";"320 hyreshusenhet, bost�der";57452;0
"0560 Boxholm";"321 hyreshusenhet, bost�der och lokaler";128070;25578
"0560 Boxholm";"322 hyreshusenhet, hotell eller restaurangbyggnad";0;1715
"0560 Boxholm";"325 hyreshusenhet, lokaler";0;15742
"0560 Boxholm";"ovr �vriga hyreshusenheter";508;9814
"0561 �tvidaberg";"320 hyreshusenhet, bost�der";246621;0
"0561 �tvidaberg";"321 hyreshusenhet, bost�der och lokaler";309044;66443
"0561 �tvidaberg";"322 hyreshusenhet, hotell eller restaurangbyggnad";0;19568
"0561 �tvidaberg";"325 hyreshusenhet, lokaler";0;53916
"0561 �tvidaberg";"ovr �vriga hyreshusenheter";1371;6447
"0562 Finsp�ng";"320 hyreshusenhet, bost�der";145367;0
"0562 Finsp�ng";"321 hyreshusenhet, bost�der och lokaler";1198007;70211
"0562 Finsp�ng";"322 hyreshusenhet, hotell eller restaurangbyggnad";0;5902
"0562 Finsp�ng";"325 hyreshusenhet, lokaler";0;347653
"0562 Finsp�ng";"ovr �vriga hyreshusenheter";4459;23552
"0563 Valdemarsvik";"320 hyreshusenhet, bost�der";114392;0
"0563 Valdemarsvik";"321 hyreshusenhet, bost�der och lokaler";194144;30034
"0563 Valdemarsvik";"322 hyreshusenhet, hotell eller restaurangbyggnad";0;4328
"0563 Valdemarsvik";"325 hyreshusenhet, lokaler";0;54198
"0563 Valdemarsvik";"ovr �vriga hyreshusenheter";512;7165
"0580 Link�ping";"320 hyreshusenhet, bost�der";7411731;0
"0580 Link�ping";"321 hyreshusenhet, bost�der och lokaler";29633493;3162084
"0580 Link�ping";"322 hyreshusenhet, hotell eller restaurangbyggnad";484;498247
"0580 Link�ping";"325 hyreshusenhet, lokaler";0;8701458
"0580 Link�ping";"ovr �vriga hyreshusenheter";325843;598240
"0581 Norrk�ping";"320 hyreshusenhet, bost�der";5676521;0
"0581 Norrk�ping";"321 hyreshusenhet, bost�der och lokaler";20748640;1789122
"0581 Norrk�ping";"322 hyreshusenhet, hotell eller restaurangbyggnad";3220;410491
"0581 Norrk�ping";"325 hyreshusenhet, lokaler";0;5425715
"0581 Norrk�ping";"ovr �vriga hyreshusenheter";134951;445124
"0582 S�derk�ping";"320 hyreshusenhet, bost�der";295594;0
"0582 S�derk�ping";"321 hyreshusenhet, bost�der och lokaler";920844;105914
"0582 S�derk�ping";"322 hyreshusenhet, hotell eller restaurangbyggnad";310;26047
"0582 S�derk�ping";"325 hyreshusenhet, lokaler";0;118351
"0582 S�derk�ping";"ovr �vriga hyreshusenheter";42060;10456
"0583 Motala";"320 hyreshusenhet, bost�der";620224;0
"0583 Motala";"321 hyreshusenhet, bost�der och lokaler";3141720;317135
"0583 Motala";"322 hyreshusenhet, hotell eller restaurangbyggnad";1514;81014
"0583 Motala";"325 hyreshusenhet, lokaler";0;697960
"0583 Motala";"ovr �vriga hyreshusenheter";11158;59774
"0584 Vadstena";"320 hyreshusenhet, bost�der";468652;0
"0584 Vadstena";"321 hyreshusenhet, bost�der och lokaler";362867;61554
"0584 Vadstena";"322 hyreshusenhet, hotell eller restaurangbyggnad";274;22544
"0584 Vadstena";"325 hyreshusenhet, lokaler";0;54391
"0584 Vadstena";"ovr �vriga hyreshusenheter";4000;12842
"0586 Mj�lby";"320 hyreshusenhet, bost�der";497012;0
"0586 Mj�lby";"321 hyreshusenhet, bost�der och lokaler";1800609;196304
"0586 Mj�lby";"322 hyreshusenhet, hotell eller restaurangbyggnad";0;16843
"0586 Mj�lby";"325 hyreshusenhet, lokaler";0;345500
"0586 Mj�lby";"ovr �vriga hyreshusenheter";12209;8849
"0604 Aneby";"320 hyreshusenhet, bost�der";75359;0
"0604 Aneby";"321 hyreshusenhet, bost�der och lokaler";91391;23534
"0604 Aneby";"322 hyreshusenhet, hotell eller restaurangbyggnad";397;679
"0604 Aneby";"325 hyreshusenhet, lokaler";0;37861
"0604 Aneby";"ovr �vriga hyreshusenheter";1981;4828
"0617 Gnosj�";"320 hyreshusenhet, bost�der";123991;0
"0617 Gnosj�";"321 hyreshusenhet, bost�der och lokaler";171363;56652
"0617 Gnosj�";"322 hyreshusenhet, hotell eller restaurangbyggnad";0;2635
"0617 Gnosj�";"325 hyreshusenhet, lokaler";0;55889
"0617 Gnosj�";"ovr �vriga hyreshusenheter";358;6700
"0642 Mullsj�";"320 hyreshusenhet, bost�der";118758;0
"0642 Mullsj�";"321 hyreshusenhet, bost�der och lokaler";120283;32969
"0642 Mullsj�";"322 hyreshusenhet, hotell eller restaurangbyggnad";0;23069
"0642 Mullsj�";"325 hyreshusenhet, lokaler";0;49690
"0642 Mullsj�";"ovr �vriga hyreshusenheter";738;3379
"0643 Habo";"320 hyreshusenhet, bost�der";263266;0
"0643 Habo";"321 hyreshusenhet, bost�der och lokaler";149393;32571
"0643 Habo";"322 hyreshusenhet, hotell eller restaurangbyggnad";0;6520
"0643 Habo";"325 hyreshusenhet, lokaler";0;33947
"0643 Habo";"ovr �vriga hyreshusenheter";644;3899
"0662 Gislaved";"320 hyreshusenhet, bost�der";792216;0
"0662 Gislaved";"321 hyreshusenhet, bost�der och lokaler";690924;148583
"0662 Gislaved";"322 hyreshusenhet, hotell eller restaurangbyggnad";0;31314
"0662 Gislaved";"325 hyreshusenhet, lokaler";0;288477
"0662 Gislaved";"ovr �vriga hyreshusenheter";5549;31983
"0665 Vaggeryd";"320 hyreshusenhet, bost�der";225119;0
"0665 Vaggeryd";"321 hyreshusenhet, bost�der och lokaler";375754;63670
"0665 Vaggeryd";"322 hyreshusenhet, hotell eller restaurangbyggnad";280;27761
"0665 Vaggeryd";"325 hyreshusenhet, lokaler";0;59813
"0665 Vaggeryd";"ovr �vriga hyreshusenheter";1056;9285
"0680 J�nk�ping";"320 hyreshusenhet, bost�der";10236212;0
"0680 J�nk�ping";"321 hyreshusenhet, bost�der och lokaler";14682134;2421037
"0680 J�nk�ping";"322 hyreshusenhet, hotell eller restaurangbyggnad";58782;708216
"0680 J�nk�ping";"325 hyreshusenhet, lokaler";0;7481898
"0680 J�nk�ping";"ovr �vriga hyreshusenheter";240890;742471
"0682 N�ssj�";"320 hyreshusenhet, bost�der";919844;0
"0682 N�ssj�";"321 hyreshusenhet, bost�der och lokaler";1107809;281510
"0682 N�ssj�";"322 hyreshusenhet, hotell eller restaurangbyggnad";0;24000
"0682 N�ssj�";"325 hyreshusenhet, lokaler";0;261923
"0682 N�ssj�";"ovr �vriga hyreshusenheter";5275;40575
"0683 V�rnamo";"320 hyreshusenhet, bost�der";1082616;0
"0683 V�rnamo";"321 hyreshusenhet, bost�der och lokaler";1997374;367180
"0683 V�rnamo";"322 hyreshusenhet, hotell eller restaurangbyggnad";4169;81067
"0683 V�rnamo";"325 hyreshusenhet, lokaler";0;538139
"0683 V�rnamo";"ovr �vriga hyreshusenheter";2409;7643
"0684 S�vsj�";"320 hyreshusenhet, bost�der";197970;0
"0684 S�vsj�";"321 hyreshusenhet, bost�der och lokaler";157337;68919
"0684 S�vsj�";"322 hyreshusenhet, hotell eller restaurangbyggnad";0;16115
"0684 S�vsj�";"325 hyreshusenhet, lokaler";0;48968
"0684 S�vsj�";"ovr �vriga hyreshusenheter";1624;3316
"0685 Vetlanda";"320 hyreshusenhet, bost�der";909744;0
"0685 Vetlanda";"321 hyreshusenhet, bost�der och lokaler";687985;207011
"0685 Vetlanda";"322 hyreshusenhet, hotell eller restaurangbyggnad";48;12708
"0685 Vetlanda";"325 hyreshusenhet, lokaler";0;318077
"0685 Vetlanda";"ovr �vriga hyreshusenheter";2776;40608
"0686 Eksj�";"320 hyreshusenhet, bost�der";534238;0
"0686 Eksj�";"321 hyreshusenhet, bost�der och lokaler";839571;175538
"0686 Eksj�";"322 hyreshusenhet, hotell eller restaurangbyggnad";6024;35463
"0686 Eksj�";"325 hyreshusenhet, lokaler";0;179440
"0686 Eksj�";"ovr �vriga hyreshusenheter";2977;4968
"0687 Tran�s";"320 hyreshusenhet, bost�der";606539;0
"0687 Tran�s";"321 hyreshusenhet, bost�der och lokaler";1113155;275150
"0687 Tran�s";"322 hyreshusenhet, hotell eller restaurangbyggnad";474;33737
"0687 Tran�s";"325 hyreshusenhet, lokaler";0;234556
"0687 Tran�s";"ovr �vriga hyreshusenheter";8409;22778
"0760 Uppvidinge";"320 hyreshusenhet, bost�der";84505;0
"0760 Uppvidinge";"321 hyreshusenhet, bost�der och lokaler";131889;22388
"0760 Uppvidinge";"322 hyreshusenhet, hotell eller restaurangbyggnad";0;2913
"0760 Uppvidinge";"325 hyreshusenhet, lokaler";0;29836
"0760 Uppvidinge";"ovr �vriga hyreshusenheter";1723;6816
"0761 Lessebo";"320 hyreshusenhet, bost�der";110142;0
"0761 Lessebo";"321 hyreshusenhet, bost�der och lokaler";121583;26753
"0761 Lessebo";"322 hyreshusenhet, hotell eller restaurangbyggnad";0;33724
"0761 Lessebo";"325 hyreshusenhet, lokaler";0;53910
"0761 Lessebo";"ovr �vriga hyreshusenheter";1546;2279
"0763 Tingsryd";"320 hyreshusenhet, bost�der";168333;0
"0763 Tingsryd";"321 hyreshusenhet, bost�der och lokaler";182335;63226
"0763 Tingsryd";"322 hyreshusenhet, hotell eller restaurangbyggnad";588;5741
"0763 Tingsryd";"325 hyreshusenhet, lokaler";0;81377
"0763 Tingsryd";"ovr �vriga hyreshusenheter";6278;2564
"0764 Alvesta";"320 hyreshusenhet, bost�der";217079;0
"0764 Alvesta";"321 hyreshusenhet, bost�der och lokaler";553442;109180
"0764 Alvesta";"322 hyreshusenhet, hotell eller restaurangbyggnad";0;2468
"0764 Alvesta";"325 hyreshusenhet, lokaler";0;89192
"0764 Alvesta";"ovr �vriga hyreshusenheter";4449;22098
"0765 �lmhult";"320 hyreshusenhet, bost�der";267571;0
"0765 �lmhult";"321 hyreshusenhet, bost�der och lokaler";593954;101026
"0765 �lmhult";"322 hyreshusenhet, hotell eller restaurangbyggnad";709;10473
"0765 �lmhult";"325 hyreshusenhet, lokaler";0;470114
"0765 �lmhult";"ovr �vriga hyreshusenheter";12252;39280
"0767 Markaryd";"320 hyreshusenhet, bost�der";97090;0
"0767 Markaryd";"321 hyreshusenhet, bost�der och lokaler";245869;38634
"0767 Markaryd";"322 hyreshusenhet, hotell eller restaurangbyggnad";0;14537
"0767 Markaryd";"325 hyreshusenhet, lokaler";0;76689
"0767 Markaryd";"ovr �vriga hyreshusenheter";7187;7259
"0780 V�xj�";"320 hyreshusenhet, bost�der";4620555;0
"0780 V�xj�";"321 hyreshusenhet, bost�der och lokaler";8269069;1486135
"0780 V�xj�";"322 hyreshusenhet, hotell eller restaurangbyggnad";250;235194
"0780 V�xj�";"325 hyreshusenhet, lokaler";0;3364567
"0780 V�xj�";"ovr �vriga hyreshusenheter";185035;480233
"0781 Ljungby";"320 hyreshusenhet, bost�der";926909;0
"0781 Ljungby";"321 hyreshusenhet, bost�der och lokaler";923445;233820
"0781 Ljungby";"322 hyreshusenhet, hotell eller restaurangbyggnad";471;23372
"0781 Ljungby";"325 hyreshusenhet, lokaler";0;422555
"0781 Ljungby";"ovr �vriga hyreshusenheter";7541;57420
"0821 H�gsby";"320 hyreshusenhet, bost�der";41981;0
"0821 H�gsby";"321 hyreshusenhet, bost�der och lokaler";51985;9981
"0821 H�gsby";"322 hyreshusenhet, hotell eller restaurangbyggnad";153;7744
"0821 H�gsby";"325 hyreshusenhet, lokaler";0;34396
"0821 H�gsby";"ovr �vriga hyreshusenheter";94;2869
"0834 Tors�s";"320 hyreshusenhet, bost�der";111790;0
"0834 Tors�s";"321 hyreshusenhet, bost�der och lokaler";56366;13164
"0834 Tors�s";"322 hyreshusenhet, hotell eller restaurangbyggnad";0;6172
"0834 Tors�s";"325 hyreshusenhet, lokaler";0;20849
"0834 Tors�s";"ovr �vriga hyreshusenheter";0;1066
"0840 M�rbyl�nga";"320 hyreshusenhet, bost�der";223175;0
"0840 M�rbyl�nga";"321 hyreshusenhet, bost�der och lokaler";192022;25211
"0840 M�rbyl�nga";"322 hyreshusenhet, hotell eller restaurangbyggnad";984;66527
"0840 M�rbyl�nga";"325 hyreshusenhet, lokaler";0;167399
"0840 M�rbyl�nga";"ovr �vriga hyreshusenheter";5774;10155
"0860 Hultsfred";"320 hyreshusenhet, bost�der";148140;0
"0860 Hultsfred";"321 hyreshusenhet, bost�der och lokaler";226737;37337
"0860 Hultsfred";"322 hyreshusenhet, hotell eller restaurangbyggnad";365;5631
"0860 Hultsfred";"325 hyreshusenhet, lokaler";0;67752
"0860 Hultsfred";"ovr �vriga hyreshusenheter";1930;4300
"0861 M�nster�s";"320 hyreshusenhet, bost�der";112098;0
"0861 M�nster�s";"321 hyreshusenhet, bost�der och lokaler";292034;42731
"0861 M�nster�s";"322 hyreshusenhet, hotell eller restaurangbyggnad";4376;12042
"0861 M�nster�s";"325 hyreshusenhet, lokaler";0;58136
"0861 M�nster�s";"ovr �vriga hyreshusenheter";2202;6967
"0862 Emmaboda";"320 hyreshusenhet, bost�der";97270;0
"0862 Emmaboda";"321 hyreshusenhet, bost�der och lokaler";154741;24081
"0862 Emmaboda";"322 hyreshusenhet, hotell eller restaurangbyggnad";700;16382
"0862 Emmaboda";"325 hyreshusenhet, lokaler";0;49374
"0862 Emmaboda";"ovr �vriga hyreshusenheter";1879;21370
"0880 Kalmar";"320 hyreshusenhet, bost�der";3903307;0
"0880 Kalmar";"321 hyreshusenhet, bost�der och lokaler";8490264;915007
"0880 Kalmar";"322 hyreshusenhet, hotell eller restaurangbyggnad";538;541449
"0880 Kalmar";"325 hyreshusenhet, lokaler";0;2884991
"0880 Kalmar";"ovr �vriga hyreshusenheter";145935;85056
"0881 Nybro";"320 hyreshusenhet, bost�der";444947;0
"0881 Nybro";"321 hyreshusenhet, bost�der och lokaler";800895;122175
"0881 Nybro";"322 hyreshusenhet, hotell eller restaurangbyggnad";414;16252
"0881 Nybro";"325 hyreshusenhet, lokaler";0;145407
"0881 Nybro";"ovr �vriga hyreshusenheter";3997;18092
"0882 Oskarshamn";"320 hyreshusenhet, bost�der";861721;0
"0882 Oskarshamn";"321 hyreshusenhet, bost�der och lokaler";1530355;200961
"0882 Oskarshamn";"322 hyreshusenhet, hotell eller restaurangbyggnad";3529;69672
"0882 Oskarshamn";"325 hyreshusenhet, lokaler";0;254082
"0882 Oskarshamn";"ovr �vriga hyreshusenheter";1442;32193
"0883 V�stervik";"320 hyreshusenhet, bost�der";840901;0
"0883 V�stervik";"321 hyreshusenhet, bost�der och lokaler";2424565;267556
"0883 V�stervik";"322 hyreshusenhet, hotell eller restaurangbyggnad";1337;75455
"0883 V�stervik";"325 hyreshusenhet, lokaler";0;630430
"0883 V�stervik";"ovr �vriga hyreshusenheter";66666;26050
"0884 Vimmerby";"320 hyreshusenhet, bost�der";219122;0
"0884 Vimmerby";"321 hyreshusenhet, bost�der och lokaler";672173;109150
"0884 Vimmerby";"322 hyreshusenhet, hotell eller restaurangbyggnad";1254;42572
"0884 Vimmerby";"325 hyreshusenhet, lokaler";0;267471
"0884 Vimmerby";"ovr �vriga hyreshusenheter";250;9485
"0885 Borgholm";"320 hyreshusenhet, bost�der";240023;0
"0885 Borgholm";"321 hyreshusenhet, bost�der och lokaler";314954;111654
"0885 Borgholm";"322 hyreshusenhet, hotell eller restaurangbyggnad";12321;94606
"0885 Borgholm";"325 hyreshusenhet, lokaler";0;105882
"0885 Borgholm";"ovr �vriga hyreshusenheter";6669;18009
"0980 Gotland";"320 hyreshusenhet, bost�der";2818500;0
"0980 Gotland";"321 hyreshusenhet, bost�der och lokaler";4339582;723018
"0980 Gotland";"322 hyreshusenhet, hotell eller restaurangbyggnad";77548;575282
"0980 Gotland";"325 hyreshusenhet, lokaler";0;2302018
"0980 Gotland";"ovr �vriga hyreshusenheter";61143;53055
"1060 Olofstr�m";"320 hyreshusenhet, bost�der";84863;0
"1060 Olofstr�m";"321 hyreshusenhet, bost�der och lokaler";505125;66480
"1060 Olofstr�m";"322 hyreshusenhet, hotell eller restaurangbyggnad";0;19646
"1060 Olofstr�m";"325 hyreshusenhet, lokaler";0;134252
"1060 Olofstr�m";"ovr �vriga hyreshusenheter";45;5938
"1080 Karlskrona";"320 hyreshusenhet, bost�der";3307204;0
"1080 Karlskrona";"321 hyreshusenhet, bost�der och lokaler";6055170;943572
"1080 Karlskrona";"322 hyreshusenhet, hotell eller restaurangbyggnad";2457;228019
"1080 Karlskrona";"325 hyreshusenhet, lokaler";0;2210107
"1080 Karlskrona";"ovr �vriga hyreshusenheter";28083;65562
"1081 Ronneby";"320 hyreshusenhet, bost�der";646375;0
"1081 Ronneby";"321 hyreshusenhet, bost�der och lokaler";1438091;220368
"1081 Ronneby";"322 hyreshusenhet, hotell eller restaurangbyggnad";3456;97523
"1081 Ronneby";"325 hyreshusenhet, lokaler";0;449189
"1081 Ronneby";"ovr �vriga hyreshusenheter";4592;18202
"1082 Karlshamn";"320 hyreshusenhet, bost�der";1186011;0
"1082 Karlshamn";"321 hyreshusenhet, bost�der och lokaler";1990338;409732
"1082 Karlshamn";"322 hyreshusenhet, hotell eller restaurangbyggnad";332;63621
"1082 Karlshamn";"325 hyreshusenhet, lokaler";0;389652
"1082 Karlshamn";"ovr �vriga hyreshusenheter";7130;37949
"1083 S�lvesborg";"320 hyreshusenhet, bost�der";393090;0
"1083 S�lvesborg";"321 hyreshusenhet, bost�der och lokaler";663293;127208
"1083 S�lvesborg";"322 hyreshusenhet, hotell eller restaurangbyggnad";0;24791
"1083 S�lvesborg";"325 hyreshusenhet, lokaler";0;139445
"1083 S�lvesborg";"ovr �vriga hyreshusenheter";1926;4955
"1214 Sval�v";"320 hyreshusenhet, bost�der";135499;0
"1214 Sval�v";"321 hyreshusenhet, bost�der och lokaler";272894;27117
"1214 Sval�v";"322 hyreshusenhet, hotell eller restaurangbyggnad";144;15928
"1214 Sval�v";"325 hyreshusenhet, lokaler";0;72668
"1214 Sval�v";"ovr �vriga hyreshusenheter";2055;5259
"1230 Staffanstorp";"320 hyreshusenhet, bost�der";692814;0
"1230 Staffanstorp";"321 hyreshusenhet, bost�der och lokaler";1409832;134329
"1230 Staffanstorp";"322 hyreshusenhet, hotell eller restaurangbyggnad";0;6828
"1230 Staffanstorp";"325 hyreshusenhet, lokaler";0;320227
"1230 Staffanstorp";"ovr �vriga hyreshusenheter";24128;105482
"1231 Burl�v";"320 hyreshusenhet, bost�der";211138;0
"1231 Burl�v";"321 hyreshusenhet, bost�der och lokaler";2132064;128881
"1231 Burl�v";"322 hyreshusenhet, hotell eller restaurangbyggnad";726;16378
"1231 Burl�v";"325 hyreshusenhet, lokaler";0;937573
"1231 Burl�v";"ovr �vriga hyreshusenheter";17140;78842
"1233 Vellinge";"320 hyreshusenhet, bost�der";1649182;0
"1233 Vellinge";"321 hyreshusenhet, bost�der och lokaler";836974;141798
"1233 Vellinge";"322 hyreshusenhet, hotell eller restaurangbyggnad";2213;106591
"1233 Vellinge";"325 hyreshusenhet, lokaler";0;567025
"1233 Vellinge";"ovr �vriga hyreshusenheter";47651;32760
"1256 �stra G�inge";"320 hyreshusenhet, bost�der";104491;0
"1256 �stra G�inge";"321 hyreshusenhet, bost�der och lokaler";256415;49347
"1256 �stra G�inge";"322 hyreshusenhet, hotell eller restaurangbyggnad";0;11264
"1256 �stra G�inge";"325 hyreshusenhet, lokaler";0;50172
"1256 �stra G�inge";"ovr �vriga hyreshusenheter";682;9684
"1257 �rkelljunga";"320 hyreshusenhet, bost�der";129333;0
"1257 �rkelljunga";"321 hyreshusenhet, bost�der och lokaler";228967;55404
"1257 �rkelljunga";"322 hyreshusenhet, hotell eller restaurangbyggnad";1603;11352
"1257 �rkelljunga";"325 hyreshusenhet, lokaler";0;48083
"1257 �rkelljunga";"ovr �vriga hyreshusenheter";4414;2654
"1260 Bjuv";"320 hyreshusenhet, bost�der";111848;0
"1260 Bjuv";"321 hyreshusenhet, bost�der och lokaler";459256;49917
"1260 Bjuv";"322 hyreshusenhet, hotell eller restaurangbyggnad";0;529
"1260 Bjuv";"325 hyreshusenhet, lokaler";0;129398
"1260 Bjuv";"ovr �vriga hyreshusenheter";2407;15296
"1261 K�vlinge";"320 hyreshusenhet, bost�der";1220165;0
"1261 K�vlinge";"321 hyreshusenhet, bost�der och lokaler";572860;125331
"1261 K�vlinge";"322 hyreshusenhet, hotell eller restaurangbyggnad";2378;21064
"1261 K�vlinge";"325 hyreshusenhet, lokaler";0;928832
"1261 K�vlinge";"ovr �vriga hyreshusenheter";11575;40254
"1262 Lomma";"320 hyreshusenhet, bost�der";855883;0
"1262 Lomma";"321 hyreshusenhet, bost�der och lokaler";1909354;104115
"1262 Lomma";"322 hyreshusenhet, hotell eller restaurangbyggnad";0;9722
"1262 Lomma";"325 hyreshusenhet, lokaler";0;240761
"1262 Lomma";"ovr �vriga hyreshusenheter";111850;5802
"1263 Svedala";"320 hyreshusenhet, bost�der";299930;0
"1263 Svedala";"321 hyreshusenhet, bost�der och lokaler";1068905;122222
"1263 Svedala";"322 hyreshusenhet, hotell eller restaurangbyggnad";695;16560
"1263 Svedala";"325 hyreshusenhet, lokaler";0;198250
"1263 Svedala";"ovr �vriga hyreshusenheter";88368;27088
"1264 Skurup";"320 hyreshusenhet, bost�der";371386;0
"1264 Skurup";"321 hyreshusenhet, bost�der och lokaler";266655;55535
"1264 Skurup";"322 hyreshusenhet, hotell eller restaurangbyggnad";1651;14175
"1264 Skurup";"325 hyreshusenhet, lokaler";0;113278
"1264 Skurup";"ovr �vriga hyreshusenheter";1225;5464
"1265 Sj�bo";"320 hyreshusenhet, bost�der";396015;0
"1265 Sj�bo";"321 hyreshusenhet, bost�der och lokaler";229709;78434
"1265 Sj�bo";"322 hyreshusenhet, hotell eller restaurangbyggnad";536;12749
"1265 Sj�bo";"325 hyreshusenhet, lokaler";0;137006
"1265 Sj�bo";"ovr �vriga hyreshusenheter";6219;13736
"1266 H�rby";"320 hyreshusenhet, bost�der";260309;0
"1266 H�rby";"321 hyreshusenhet, bost�der och lokaler";438101;80193
"1266 H�rby";"322 hyreshusenhet, hotell eller restaurangbyggnad";530;13618
"1266 H�rby";"325 hyreshusenhet, lokaler";0;115501
"1266 H�rby";"ovr �vriga hyreshusenheter";243;8411
"1267 H��r";"320 hyreshusenhet, bost�der";273016;0
"1267 H��r";"321 hyreshusenhet, bost�der och lokaler";403794;65022
"1267 H��r";"322 hyreshusenhet, hotell eller restaurangbyggnad";145;39688
"1267 H��r";"325 hyreshusenhet, lokaler";0;162696
"1267 H��r";"ovr �vriga hyreshusenheter";2177;8975
"1270 Tomelilla";"320 hyreshusenhet, bost�der";228053;0
"1270 Tomelilla";"321 hyreshusenhet, bost�der och lokaler";294475;67535
"1270 Tomelilla";"322 hyreshusenhet, hotell eller restaurangbyggnad";1627;26014
"1270 Tomelilla";"325 hyreshusenhet, lokaler";0;126655
"1270 Tomelilla";"ovr �vriga hyreshusenheter";821;3397
"1272 Brom�lla";"320 hyreshusenhet, bost�der";138263;0
"1272 Brom�lla";"321 hyreshusenhet, bost�der och lokaler";244954;28790
"1272 Brom�lla";"322 hyreshusenhet, hotell eller restaurangbyggnad";0;9479
"1272 Brom�lla";"325 hyreshusenhet, lokaler";0;144276
"1272 Brom�lla";"ovr �vriga hyreshusenheter";8094;18333
"1273 Osby";"320 hyreshusenhet, bost�der";135772;0
"1273 Osby";"321 hyreshusenhet, bost�der och lokaler";324139;60090
"1273 Osby";"322 hyreshusenhet, hotell eller restaurangbyggnad";0;899
"1273 Osby";"325 hyreshusenhet, lokaler";0;63788
"1273 Osby";"ovr �vriga hyreshusenheter";489;9217
"1275 Perstorp";"320 hyreshusenhet, bost�der";144820;0
"1275 Perstorp";"321 hyreshusenhet, bost�der och lokaler";202676;26517
"1275 Perstorp";"322 hyreshusenhet, hotell eller restaurangbyggnad";0;868
"1275 Perstorp";"325 hyreshusenhet, lokaler";0;78166
"1275 Perstorp";"ovr �vriga hyreshusenheter";3050;11237
"1276 Klippan";"320 hyreshusenhet, bost�der";252309;0
"1276 Klippan";"321 hyreshusenhet, bost�der och lokaler";602988;79784
"1276 Klippan";"322 hyreshusenhet, hotell eller restaurangbyggnad";601;18141
"1276 Klippan";"325 hyreshusenhet, lokaler";0;106169
"1276 Klippan";"ovr �vriga hyreshusenheter";0;8349
"1277 �storp";"320 hyreshusenhet, bost�der";210577;0
"1277 �storp";"321 hyreshusenhet, bost�der och lokaler";509243;80358
"1277 �storp";"322 hyreshusenhet, hotell eller restaurangbyggnad";597;7544
"1277 �storp";"325 hyreshusenhet, lokaler";0;531003
"1277 �storp";"ovr �vriga hyreshusenheter";5074;81976
"1278 B�stad";"320 hyreshusenhet, bost�der";613010;0
"1278 B�stad";"321 hyreshusenhet, bost�der och lokaler";481053;106107
"1278 B�stad";"322 hyreshusenhet, hotell eller restaurangbyggnad";0;197132
"1278 B�stad";"325 hyreshusenhet, lokaler";0;363273
"1278 B�stad";"ovr �vriga hyreshusenheter";27674;27715
"1280 Malm�";"320 hyreshusenhet, bost�der";22438865;0
"1280 Malm�";"321 hyreshusenhet, bost�der och lokaler";90948031;10910325
"1280 Malm�";"322 hyreshusenhet, hotell eller restaurangbyggnad";498;2391686
"1280 Malm�";"325 hyreshusenhet, lokaler";0;27935950
"1280 Malm�";"ovr �vriga hyreshusenheter";2896959;2554107
"1281 Lund";"320 hyreshusenhet, bost�der";12531885;0
"1281 Lund";"321 hyreshusenhet, bost�der och lokaler";26145900;2717559
"1281 Lund";"322 hyreshusenhet, hotell eller restaurangbyggnad";13513;524450
"1281 Lund";"325 hyreshusenhet, lokaler";0;7281333
"1281 Lund";"ovr �vriga hyreshusenheter";520468;1270677
"1282 Landskrona";"320 hyreshusenhet, bost�der";2293933;0
"1282 Landskrona";"321 hyreshusenhet, bost�der och lokaler";4126862;463343
"1282 Landskrona";"322 hyreshusenhet, hotell eller restaurangbyggnad";0;54116
"1282 Landskrona";"325 hyreshusenhet, lokaler";0;742920
"1282 Landskrona";"ovr �vriga hyreshusenheter";16491;50513
"1283 Helsingborg";"320 hyreshusenhet, bost�der";8289788;0
"1283 Helsingborg";"321 hyreshusenhet, bost�der och lokaler";27664842;3213935
"1283 Helsingborg";"322 hyreshusenhet, hotell eller restaurangbyggnad";30771;701659
"1283 Helsingborg";"325 hyreshusenhet, lokaler";0;7055747
"1283 Helsingborg";"ovr �vriga hyreshusenheter";358050;430568
"1284 H�gan�s";"320 hyreshusenhet, bost�der";598744;0
"1284 H�gan�s";"321 hyreshusenhet, bost�der och lokaler";1156892;140578
"1284 H�gan�s";"322 hyreshusenhet, hotell eller restaurangbyggnad";920;59247
"1284 H�gan�s";"325 hyreshusenhet, lokaler";0;333457
"1284 H�gan�s";"ovr �vriga hyreshusenheter";72595;16082
"1285 Esl�v";"320 hyreshusenhet, bost�der";802664;0
"1285 Esl�v";"321 hyreshusenhet, bost�der och lokaler";2285256;322066
"1285 Esl�v";"322 hyreshusenhet, hotell eller restaurangbyggnad";427;37226
"1285 Esl�v";"325 hyreshusenhet, lokaler";0;277227
"1285 Esl�v";"ovr �vriga hyreshusenheter";13040;41230
"1286 Ystad";"320 hyreshusenhet, bost�der";2142668;0
"1286 Ystad";"321 hyreshusenhet, bost�der och lokaler";2875013;469429
"1286 Ystad";"322 hyreshusenhet, hotell eller restaurangbyggnad";5089;167796
"1286 Ystad";"325 hyreshusenhet, lokaler";0;708859
"1286 Ystad";"ovr �vriga hyreshusenheter";52486;59057
"1287 Trelleborg";"320 hyreshusenhet, bost�der";1672524;0
"1287 Trelleborg";"321 hyreshusenhet, bost�der och lokaler";2947416;599938
"1287 Trelleborg";"322 hyreshusenhet, hotell eller restaurangbyggnad";13279;45754
"1287 Trelleborg";"325 hyreshusenhet, lokaler";0;504261
"1287 Trelleborg";"ovr �vriga hyreshusenheter";16468;52805
"1290 Kristianstad";"320 hyreshusenhet, bost�der";2453961;0
"1290 Kristianstad";"321 hyreshusenhet, bost�der och lokaler";7152028;1544351
"1290 Kristianstad";"322 hyreshusenhet, hotell eller restaurangbyggnad";1575;161176
"1290 Kristianstad";"325 hyreshusenhet, lokaler";0;2157899
"1290 Kristianstad";"ovr �vriga hyreshusenheter";189587;81803
"1291 Simrishamn";"320 hyreshusenhet, bost�der";603976;0
"1291 Simrishamn";"321 hyreshusenhet, bost�der och lokaler";927211;151294
"1291 Simrishamn";"322 hyreshusenhet, hotell eller restaurangbyggnad";2798;77603
"1291 Simrishamn";"325 hyreshusenhet, lokaler";0;245354
"1291 Simrishamn";"ovr �vriga hyreshusenheter";15378;9192
"1292 �ngelholm";"320 hyreshusenhet, bost�der";1741180;0
"1292 �ngelholm";"321 hyreshusenhet, bost�der och lokaler";2454485;578380
"1292 �ngelholm";"322 hyreshusenhet, hotell eller restaurangbyggnad";862;87359
"1292 �ngelholm";"325 hyreshusenhet, lokaler";0;949221
"1292 �ngelholm";"ovr �vriga hyreshusenheter";44830;48745
"1293 H�ssleholm";"320 hyreshusenhet, bost�der";1087022;0
"1293 H�ssleholm";"321 hyreshusenhet, bost�der och lokaler";2406025;542967
"1293 H�ssleholm";"322 hyreshusenhet, hotell eller restaurangbyggnad";1020;59306
"1293 H�ssleholm";"325 hyreshusenhet, lokaler";0;806947
"1293 H�ssleholm";"ovr �vriga hyreshusenheter";18552;36530
"1315 Hylte";"320 hyreshusenhet, bost�der";125624;0
"1315 Hylte";"321 hyreshusenhet, bost�der och lokaler";128701;36904
"1315 Hylte";"322 hyreshusenhet, hotell eller restaurangbyggnad";0;4385
"1315 Hylte";"325 hyreshusenhet, lokaler";0;55928
"1315 Hylte";"ovr �vriga hyreshusenheter";2235;9188
"1380 Halmstad";"320 hyreshusenhet, bost�der";4796776;0
"1380 Halmstad";"321 hyreshusenhet, bost�der och lokaler";12903503;1445635
"1380 Halmstad";"322 hyreshusenhet, hotell eller restaurangbyggnad";173482;449948
"1380 Halmstad";"325 hyreshusenhet, lokaler";0;3295486
"1380 Halmstad";"ovr �vriga hyreshusenheter";189094;185579
"1381 Laholm";"320 hyreshusenhet, bost�der";365009;0
"1381 Laholm";"321 hyreshusenhet, bost�der och lokaler";519501;118198
"1381 Laholm";"322 hyreshusenhet, hotell eller restaurangbyggnad";3793;49362
"1381 Laholm";"325 hyreshusenhet, lokaler";0;264236
"1381 Laholm";"ovr �vriga hyreshusenheter";33911;10899
"1382 Falkenberg";"320 hyreshusenhet, bost�der";1271472;0
"1382 Falkenberg";"321 hyreshusenhet, bost�der och lokaler";3163260;335139
"1382 Falkenberg";"322 hyreshusenhet, hotell eller restaurangbyggnad";1638;180320
"1382 Falkenberg";"325 hyreshusenhet, lokaler";0;1484649
"1382 Falkenberg";"ovr �vriga hyreshusenheter";84938;79990
"1383 Varberg";"320 hyreshusenhet, bost�der";3135183;0
"1383 Varberg";"321 hyreshusenhet, bost�der och lokaler";5943911;706992
"1383 Varberg";"322 hyreshusenhet, hotell eller restaurangbyggnad";1224;235197
"1383 Varberg";"325 hyreshusenhet, lokaler";0;1076878
"1383 Varberg";"ovr �vriga hyreshusenheter";67485;253256
"1384 Kungsbacka";"320 hyreshusenhet, bost�der";3114523;0
"1384 Kungsbacka";"321 hyreshusenhet, bost�der och lokaler";4313546;452932
"1384 Kungsbacka";"322 hyreshusenhet, hotell eller restaurangbyggnad";820;60037
"1384 Kungsbacka";"325 hyreshusenhet, lokaler";0;2498443
"1384 Kungsbacka";"ovr �vriga hyreshusenheter";226456;49228
"1401 H�rryda";"320 hyreshusenhet, bost�der";1069119;0
"1401 H�rryda";"321 hyreshusenhet, bost�der och lokaler";1742934;254314
"1401 H�rryda";"322 hyreshusenhet, hotell eller restaurangbyggnad";1243;110043
"1401 H�rryda";"325 hyreshusenhet, lokaler";0;342448
"1401 H�rryda";"ovr �vriga hyreshusenheter";29864;277446
"1402 Partille";"320 hyreshusenhet, bost�der";2444812;0
"1402 Partille";"321 hyreshusenhet, bost�der och lokaler";3920106;209832
"1402 Partille";"322 hyreshusenhet, hotell eller restaurangbyggnad";0;0
"1402 Partille";"325 hyreshusenhet, lokaler";0;1505027
"1402 Partille";"ovr �vriga hyreshusenheter";238150;111796
"1407 �cker�";"320 hyreshusenhet, bost�der";303090;0
"1407 �cker�";"321 hyreshusenhet, bost�der och lokaler";53511;15453
"1407 �cker�";"322 hyreshusenhet, hotell eller restaurangbyggnad";750;54467
"1407 �cker�";"325 hyreshusenhet, lokaler";0;195287
"1407 �cker�";"ovr �vriga hyreshusenheter";93905;11178
"1415 Stenungsund";"320 hyreshusenhet, bost�der";839151;0
"1415 Stenungsund";"321 hyreshusenhet, bost�der och lokaler";1369811;593816
"1415 Stenungsund";"322 hyreshusenhet, hotell eller restaurangbyggnad";2288;52165
"1415 Stenungsund";"325 hyreshusenhet, lokaler";0;543179
"1415 Stenungsund";"ovr �vriga hyreshusenheter";10750;40760
"1419 Tj�rn";"320 hyreshusenhet, bost�der";317032;0
"1419 Tj�rn";"321 hyreshusenhet, bost�der och lokaler";310801;83413
"1419 Tj�rn";"322 hyreshusenhet, hotell eller restaurangbyggnad";0;47926
"1419 Tj�rn";"325 hyreshusenhet, lokaler";0;149812
"1419 Tj�rn";"ovr �vriga hyreshusenheter";14004;17819
"1421 Orust";"320 hyreshusenhet, bost�der";446696;0
"1421 Orust";"321 hyreshusenhet, bost�der och lokaler";191858;54162
"1421 Orust";"322 hyreshusenhet, hotell eller restaurangbyggnad";0;58118
"1421 Orust";"325 hyreshusenhet, lokaler";0;148642
"1421 Orust";"ovr �vriga hyreshusenheter";21278;6001
"1427 Soten�s";"320 hyreshusenhet, bost�der";824161;0
"1427 Soten�s";"321 hyreshusenhet, bost�der och lokaler";192841;96680
"1427 Soten�s";"322 hyreshusenhet, hotell eller restaurangbyggnad";0;67338
"1427 Soten�s";"325 hyreshusenhet, lokaler";0;306753
"1427 Soten�s";"ovr �vriga hyreshusenheter";90882;16986
"1430 Munkedal";"320 hyreshusenhet, bost�der";102373;0
"1430 Munkedal";"321 hyreshusenhet, bost�der och lokaler";221427;33306
"1430 Munkedal";"322 hyreshusenhet, hotell eller restaurangbyggnad";454;20543
"1430 Munkedal";"325 hyreshusenhet, lokaler";0;111249
"1430 Munkedal";"ovr �vriga hyreshusenheter";1189;9919
"1435 Tanum";"320 hyreshusenhet, bost�der";235371;0
"1435 Tanum";"321 hyreshusenhet, bost�der och lokaler";476926;127688
"1435 Tanum";"322 hyreshusenhet, hotell eller restaurangbyggnad";2390;93744
"1435 Tanum";"325 hyreshusenhet, lokaler";0;548021
"1435 Tanum";"ovr �vriga hyreshusenheter";72493;11274
"1438 Dals-Ed";"320 hyreshusenhet, bost�der";60370;0
"1438 Dals-Ed";"321 hyreshusenhet, bost�der och lokaler";121566;16332
"1438 Dals-Ed";"322 hyreshusenhet, hotell eller restaurangbyggnad";0;2380
"1438 Dals-Ed";"325 hyreshusenhet, lokaler";0;51925
"1438 Dals-Ed";"ovr �vriga hyreshusenheter";23221;5654
"1439 F�rgelanda";"320 hyreshusenhet, bost�der";45363;0
"1439 F�rgelanda";"321 hyreshusenhet, bost�der och lokaler";74891;15182
"1439 F�rgelanda";"322 hyreshusenhet, hotell eller restaurangbyggnad";335;3310
"1439 F�rgelanda";"325 hyreshusenhet, lokaler";0;23841
"1439 F�rgelanda";"ovr �vriga hyreshusenheter";226;2360
"1440 Ale";"320 hyreshusenhet, bost�der";1268593;0
"1440 Ale";"321 hyreshusenhet, bost�der och lokaler";1460190;92210
"1440 Ale";"322 hyreshusenhet, hotell eller restaurangbyggnad";0;8582
"1440 Ale";"325 hyreshusenhet, lokaler";0;361096
"1440 Ale";"ovr �vriga hyreshusenheter";9140;4920
"1441 Lerum";"320 hyreshusenhet, bost�der";863603;0
"1441 Lerum";"321 hyreshusenhet, bost�der och lokaler";1254442;163195
"1441 Lerum";"322 hyreshusenhet, hotell eller restaurangbyggnad";1044;19842
"1441 Lerum";"325 hyreshusenhet, lokaler";0;379498
"1441 Lerum";"ovr �vriga hyreshusenheter";15593;13865
"1442 V�rg�rda";"320 hyreshusenhet, bost�der";330922;0
"1442 V�rg�rda";"321 hyreshusenhet, bost�der och lokaler";164382;47599
"1442 V�rg�rda";"322 hyreshusenhet, hotell eller restaurangbyggnad";0;6036
"1442 V�rg�rda";"325 hyreshusenhet, lokaler";0;48821
"1442 V�rg�rda";"ovr �vriga hyreshusenheter";1485;3593
"1443 Bollebygd";"320 hyreshusenhet, bost�der";377144;0
"1443 Bollebygd";"321 hyreshusenhet, bost�der och lokaler";169836;49767
"1443 Bollebygd";"322 hyreshusenhet, hotell eller restaurangbyggnad";0;1153
"1443 Bollebygd";"325 hyreshusenhet, lokaler";0;11549
"1443 Bollebygd";"ovr �vriga hyreshusenheter";399;14065
"1444 Gr�storp";"320 hyreshusenhet, bost�der";81056;0
"1444 Gr�storp";"321 hyreshusenhet, bost�der och lokaler";53547;20534
"1444 Gr�storp";"322 hyreshusenhet, hotell eller restaurangbyggnad";0;3285
"1444 Gr�storp";"325 hyreshusenhet, lokaler";0;21309
"1444 Gr�storp";"ovr �vriga hyreshusenheter";3774;936
"1445 Essunga";"320 hyreshusenhet, bost�der";59207;0
"1445 Essunga";"321 hyreshusenhet, bost�der och lokaler";40284;11612
"1445 Essunga";"322 hyreshusenhet, hotell eller restaurangbyggnad";0;0
"1445 Essunga";"325 hyreshusenhet, lokaler";0;13442
"1445 Essunga";"ovr �vriga hyreshusenheter";2171;373
"1446 Karlsborg";"320 hyreshusenhet, bost�der";126993;0
"1446 Karlsborg";"321 hyreshusenhet, bost�der och lokaler";220077;23331
"1446 Karlsborg";"322 hyreshusenhet, hotell eller restaurangbyggnad";214;11117
"1446 Karlsborg";"325 hyreshusenhet, lokaler";0;29770
"1446 Karlsborg";"ovr �vriga hyreshusenheter";5823;2226
"1447 Gullsp�ng";"320 hyreshusenhet, bost�der";53403;0
"1447 Gullsp�ng";"321 hyreshusenhet, bost�der och lokaler";54080;9693
"1447 Gullsp�ng";"322 hyreshusenhet, hotell eller restaurangbyggnad";0;1197
"1447 Gullsp�ng";"325 hyreshusenhet, lokaler";0;24087
"1447 Gullsp�ng";"ovr �vriga hyreshusenheter";5018;1425
"1452 Tranemo";"320 hyreshusenhet, bost�der";179648;0
"1452 Tranemo";"321 hyreshusenhet, bost�der och lokaler";138195;45326
"1452 Tranemo";"322 hyreshusenhet, hotell eller restaurangbyggnad";1207;7385
"1452 Tranemo";"325 hyreshusenhet, lokaler";0;24846
"1452 Tranemo";"ovr �vriga hyreshusenheter";93;2433
"1460 Bengtsfors";"320 hyreshusenhet, bost�der";161590;0
"1460 Bengtsfors";"321 hyreshusenhet, bost�der och lokaler";188185;54003
"1460 Bengtsfors";"322 hyreshusenhet, hotell eller restaurangbyggnad";317;7401
"1460 Bengtsfors";"325 hyreshusenhet, lokaler";0;42506
"1460 Bengtsfors";"ovr �vriga hyreshusenheter";5975;6245
"1461 Mellerud";"320 hyreshusenhet, bost�der";106033;0
"1461 Mellerud";"321 hyreshusenhet, bost�der och lokaler";169830;47620
"1461 Mellerud";"322 hyreshusenhet, hotell eller restaurangbyggnad";0;9846
"1461 Mellerud";"325 hyreshusenhet, lokaler";0;67690
"1461 Mellerud";"ovr �vriga hyreshusenheter";1793;3420
"1462 Lilla Edet";"320 hyreshusenhet, bost�der";255602;0
"1462 Lilla Edet";"321 hyreshusenhet, bost�der och lokaler";428112;80151
"1462 Lilla Edet";"322 hyreshusenhet, hotell eller restaurangbyggnad";0;15988
"1462 Lilla Edet";"325 hyreshusenhet, lokaler";0;50293
"1462 Lilla Edet";"ovr �vriga hyreshusenheter";4332;29543
"1463 Mark";"320 hyreshusenhet, bost�der";909798;0
"1463 Mark";"321 hyreshusenhet, bost�der och lokaler";816953;139185
"1463 Mark";"322 hyreshusenhet, hotell eller restaurangbyggnad";0;20245
"1463 Mark";"325 hyreshusenhet, lokaler";0;328660
"1463 Mark";"ovr �vriga hyreshusenheter";1798;11400
"1465 Svenljunga";"320 hyreshusenhet, bost�der";137515;0
"1465 Svenljunga";"321 hyreshusenhet, bost�der och lokaler";82363;30846
"1465 Svenljunga";"322 hyreshusenhet, hotell eller restaurangbyggnad";0;4222
"1465 Svenljunga";"325 hyreshusenhet, lokaler";0;78559
"1465 Svenljunga";"ovr �vriga hyreshusenheter";1095;3885
"1466 Herrljunga";"320 hyreshusenhet, bost�der";216186;0
"1466 Herrljunga";"321 hyreshusenhet, bost�der och lokaler";102600;30705
"1466 Herrljunga";"322 hyreshusenhet, hotell eller restaurangbyggnad";0;4053
"1466 Herrljunga";"325 hyreshusenhet, lokaler";0;18556
"1466 Herrljunga";"ovr �vriga hyreshusenheter";104;4300
"1470 Vara";"320 hyreshusenhet, bost�der";194421;0
"1470 Vara";"321 hyreshusenhet, bost�der och lokaler";389305;66494
"1470 Vara";"322 hyreshusenhet, hotell eller restaurangbyggnad";0;21767
"1470 Vara";"325 hyreshusenhet, lokaler";0;130127
"1470 Vara";"ovr �vriga hyreshusenheter";2260;7720
"1471 G�tene";"320 hyreshusenhet, bost�der";141541;0
"1471 G�tene";"321 hyreshusenhet, bost�der och lokaler";268951;60151
"1471 G�tene";"322 hyreshusenhet, hotell eller restaurangbyggnad";0;24892
"1471 G�tene";"325 hyreshusenhet, lokaler";0;48762
"1471 G�tene";"ovr �vriga hyreshusenheter";1059;7886
"1472 Tibro";"320 hyreshusenhet, bost�der";157513;0
"1472 Tibro";"321 hyreshusenhet, bost�der och lokaler";347916;32798
"1472 Tibro";"322 hyreshusenhet, hotell eller restaurangbyggnad";751;722
"1472 Tibro";"325 hyreshusenhet, lokaler";0;65035
"1472 Tibro";"ovr �vriga hyreshusenheter";816;801
"1473 T�reboda";"320 hyreshusenhet, bost�der";141347;0
"1473 T�reboda";"321 hyreshusenhet, bost�der och lokaler";156858;33628
"1473 T�reboda";"322 hyreshusenhet, hotell eller restaurangbyggnad";901;4546
"1473 T�reboda";"325 hyreshusenhet, lokaler";0;29624
"1473 T�reboda";"ovr �vriga hyreshusenheter";644;13019
"1480 G�teborg";"320 hyreshusenhet, bost�der";47748638;0
"1480 G�teborg";"321 hyreshusenhet, bost�der och lokaler";182743528;11791519
"1480 G�teborg";"322 hyreshusenhet, hotell eller restaurangbyggnad";28983;7590121
"1480 G�teborg";"325 hyreshusenhet, lokaler";0;55979275
"1480 G�teborg";"ovr �vriga hyreshusenheter";1720423;6338379
"1481 M�lndal";"320 hyreshusenhet, bost�der";2834057;0
"1481 M�lndal";"321 hyreshusenhet, bost�der och lokaler";9876208;508026
"1481 M�lndal";"322 hyreshusenhet, hotell eller restaurangbyggnad";0;100480
"1481 M�lndal";"325 hyreshusenhet, lokaler";0;4243039
"1481 M�lndal";"ovr �vriga hyreshusenheter";238264;421292
"1482 Kung�lv";"320 hyreshusenhet, bost�der";1632193;0
"1482 Kung�lv";"321 hyreshusenhet, bost�der och lokaler";3494532;327452
"1482 Kung�lv";"322 hyreshusenhet, hotell eller restaurangbyggnad";667;135572
"1482 Kung�lv";"325 hyreshusenhet, lokaler";0;548088
"1482 Kung�lv";"ovr �vriga hyreshusenheter";101076;114130
"1484 Lysekil";"320 hyreshusenhet, bost�der";604484;0
"1484 Lysekil";"321 hyreshusenhet, bost�der och lokaler";1229296;197458
"1484 Lysekil";"322 hyreshusenhet, hotell eller restaurangbyggnad";797;55837
"1484 Lysekil";"325 hyreshusenhet, lokaler";0;169556
"1484 Lysekil";"ovr �vriga hyreshusenheter";50994;29586
"1485 Uddevalla";"320 hyreshusenhet, bost�der";1617160;0
"1485 Uddevalla";"321 hyreshusenhet, bost�der och lokaler";5862937;591073
"1485 Uddevalla";"322 hyreshusenhet, hotell eller restaurangbyggnad";415;164303
"1485 Uddevalla";"325 hyreshusenhet, lokaler";0;2929389
"1485 Uddevalla";"ovr �vriga hyreshusenheter";53818;51855
"1486 Str�mstad";"320 hyreshusenhet, bost�der";729438;0
"1486 Str�mstad";"321 hyreshusenhet, bost�der och lokaler";1218297;274114
"1486 Str�mstad";"322 hyreshusenhet, hotell eller restaurangbyggnad";1458;231451
"1486 Str�mstad";"325 hyreshusenhet, lokaler";0;2555088
"1486 Str�mstad";"ovr �vriga hyreshusenheter";8612;28651
"1487 V�nersborg";"320 hyreshusenhet, bost�der";1300061;0
"1487 V�nersborg";"321 hyreshusenhet, bost�der och lokaler";2439557;342621
"1487 V�nersborg";"322 hyreshusenhet, hotell eller restaurangbyggnad";0;54482
"1487 V�nersborg";"325 hyreshusenhet, lokaler";0;577635
"1487 V�nersborg";"ovr �vriga hyreshusenheter";65436;12146
"1488 Trollh�ttan";"320 hyreshusenhet, bost�der";2538111;0
"1488 Trollh�ttan";"321 hyreshusenhet, bost�der och lokaler";5349810;545072
"1488 Trollh�ttan";"322 hyreshusenhet, hotell eller restaurangbyggnad";3681;74183
"1488 Trollh�ttan";"325 hyreshusenhet, lokaler";0;1285596
"1488 Trollh�ttan";"ovr �vriga hyreshusenheter";33852;279369
"1489 Alings�s";"320 hyreshusenhet, bost�der";2659224;0
"1489 Alings�s";"321 hyreshusenhet, bost�der och lokaler";3337962;555794
"1489 Alings�s";"322 hyreshusenhet, hotell eller restaurangbyggnad";0;41488
"1489 Alings�s";"325 hyreshusenhet, lokaler";0;794513
"1489 Alings�s";"ovr �vriga hyreshusenheter";69840;109497
"1490 Bor�s";"320 hyreshusenhet, bost�der";4896950;0
"1490 Bor�s";"321 hyreshusenhet, bost�der och lokaler";13962187;1293410
"1490 Bor�s";"322 hyreshusenhet, hotell eller restaurangbyggnad";1659;185396
"1490 Bor�s";"325 hyreshusenhet, lokaler";0;3662413
"1490 Bor�s";"ovr �vriga hyreshusenheter";37881;203418
"1491 Ulricehamn";"320 hyreshusenhet, bost�der";915929;0
"1491 Ulricehamn";"321 hyreshusenhet, bost�der och lokaler";761662;136563
"1491 Ulricehamn";"322 hyreshusenhet, hotell eller restaurangbyggnad";0;24453
"1491 Ulricehamn";"325 hyreshusenhet, lokaler";0;162073
"1491 Ulricehamn";"ovr �vriga hyreshusenheter";518;24110
"1492 �m�l";"320 hyreshusenhet, bost�der";324727;0
"1492 �m�l";"321 hyreshusenhet, bost�der och lokaler";525240;103213
"1492 �m�l";"322 hyreshusenhet, hotell eller restaurangbyggnad";236;19564
"1492 �m�l";"325 hyreshusenhet, lokaler";0;85583
"1492 �m�l";"ovr �vriga hyreshusenheter";15922;14313
"1493 Mariestad";"320 hyreshusenhet, bost�der";587154;0
"1493 Mariestad";"321 hyreshusenhet, bost�der och lokaler";1649361;214705
"1493 Mariestad";"322 hyreshusenhet, hotell eller restaurangbyggnad";925;28305
"1493 Mariestad";"325 hyreshusenhet, lokaler";0;358061
"1493 Mariestad";"ovr �vriga hyreshusenheter";3680;14647
"1494 Lidk�ping";"320 hyreshusenhet, bost�der";1371917;0
"1494 Lidk�ping";"321 hyreshusenhet, bost�der och lokaler";3447404;282362
"1494 Lidk�ping";"322 hyreshusenhet, hotell eller restaurangbyggnad";0;17911
"1494 Lidk�ping";"325 hyreshusenhet, lokaler";0;712110
"1494 Lidk�ping";"ovr �vriga hyreshusenheter";12341;10930
"1495 Skara";"320 hyreshusenhet, bost�der";548890;0
"1495 Skara";"321 hyreshusenhet, bost�der och lokaler";1095816;199069
"1495 Skara";"322 hyreshusenhet, hotell eller restaurangbyggnad";689;58223
"1495 Skara";"325 hyreshusenhet, lokaler";0;223922
"1495 Skara";"ovr �vriga hyreshusenheter";1528;14557
"1496 Sk�vde";"320 hyreshusenhet, bost�der";1626975;0
"1496 Sk�vde";"321 hyreshusenhet, bost�der och lokaler";5883767;780101
"1496 Sk�vde";"322 hyreshusenhet, hotell eller restaurangbyggnad";26170;121426
"1496 Sk�vde";"325 hyreshusenhet, lokaler";0;2443242
"1496 Sk�vde";"ovr �vriga hyreshusenheter";62634;48294
"1497 Hjo";"320 hyreshusenhet, bost�der";215495;0
"1497 Hjo";"321 hyreshusenhet, bost�der och lokaler";236220;51993
"1497 Hjo";"322 hyreshusenhet, hotell eller restaurangbyggnad";63;6021
"1497 Hjo";"325 hyreshusenhet, lokaler";0;33540
"1497 Hjo";"ovr �vriga hyreshusenheter";1089;132
"1498 Tidaholm";"320 hyreshusenhet, bost�der";204606;0
"1498 Tidaholm";"321 hyreshusenhet, bost�der och lokaler";389255;60522
"1498 Tidaholm";"322 hyreshusenhet, hotell eller restaurangbyggnad";530;5820
"1498 Tidaholm";"325 hyreshusenhet, lokaler";0;55210
"1498 Tidaholm";"ovr �vriga hyreshusenheter";692;5245
"1499 Falk�ping";"320 hyreshusenhet, bost�der";727840;0
"1499 Falk�ping";"321 hyreshusenhet, bost�der och lokaler";1398871;215095
"1499 Falk�ping";"322 hyreshusenhet, hotell eller restaurangbyggnad";0;27379
"1499 Falk�ping";"325 hyreshusenhet, lokaler";0;270469
"1499 Falk�ping";"ovr �vriga hyreshusenheter";3908;6405
"1715 Kil";"320 hyreshusenhet, bost�der";141286;0
"1715 Kil";"321 hyreshusenhet, bost�der och lokaler";398534;57790
"1715 Kil";"322 hyreshusenhet, hotell eller restaurangbyggnad";1101;4581
"1715 Kil";"325 hyreshusenhet, lokaler";0;87305
"1715 Kil";"ovr �vriga hyreshusenheter";1933;7286
"1730 Eda";"320 hyreshusenhet, bost�der";67065;0
"1730 Eda";"321 hyreshusenhet, bost�der och lokaler";87789;17433
"1730 Eda";"322 hyreshusenhet, hotell eller restaurangbyggnad";0;51796
"1730 Eda";"325 hyreshusenhet, lokaler";0;565624
"1730 Eda";"ovr �vriga hyreshusenheter";12014;5072
"1737 Torsby";"320 hyreshusenhet, bost�der";331447;0
"1737 Torsby";"321 hyreshusenhet, bost�der och lokaler";158378;59637
"1737 Torsby";"322 hyreshusenhet, hotell eller restaurangbyggnad";34040;68247
"1737 Torsby";"325 hyreshusenhet, lokaler";0;125618
"1737 Torsby";"ovr �vriga hyreshusenheter";4547;5004
"1760 Storfors";"320 hyreshusenhet, bost�der";19830;0
"1760 Storfors";"321 hyreshusenhet, bost�der och lokaler";40479;8645
"1760 Storfors";"322 hyreshusenhet, hotell eller restaurangbyggnad";165;4181
"1760 Storfors";"325 hyreshusenhet, lokaler";0;14194
"1760 Storfors";"ovr �vriga hyreshusenheter";298;706
"1761 Hammar�";"320 hyreshusenhet, bost�der";419463;0
"1761 Hammar�";"321 hyreshusenhet, bost�der och lokaler";582177;34466
"1761 Hammar�";"322 hyreshusenhet, hotell eller restaurangbyggnad";0;1151
"1761 Hammar�";"325 hyreshusenhet, lokaler";0;88176
"1761 Hammar�";"ovr �vriga hyreshusenheter";14950;11749
"1762 Munkfors";"320 hyreshusenhet, bost�der";40347;0
"1762 Munkfors";"321 hyreshusenhet, bost�der och lokaler";72737;12488
"1762 Munkfors";"322 hyreshusenhet, hotell eller restaurangbyggnad";0;2716
"1762 Munkfors";"325 hyreshusenhet, lokaler";0;18825
"1762 Munkfors";"ovr �vriga hyreshusenheter";724;3743
"1763 Forshaga";"320 hyreshusenhet, bost�der";148251;0
"1763 Forshaga";"321 hyreshusenhet, bost�der och lokaler";147821;26138
"1763 Forshaga";"322 hyreshusenhet, hotell eller restaurangbyggnad";257;3875
"1763 Forshaga";"325 hyreshusenhet, lokaler";0;37811
"1763 Forshaga";"ovr �vriga hyreshusenheter";824;1448
"1764 Grums";"320 hyreshusenhet, bost�der";166794;0
"1764 Grums";"321 hyreshusenhet, bost�der och lokaler";178310;14629
"1764 Grums";"322 hyreshusenhet, hotell eller restaurangbyggnad";0;9177
"1764 Grums";"325 hyreshusenhet, lokaler";0;29540
"1764 Grums";"ovr �vriga hyreshusenheter";348;12150
"1765 �rj�ng";"320 hyreshusenhet, bost�der";206030;0
"1765 �rj�ng";"321 hyreshusenhet, bost�der och lokaler";114347;34303
"1765 �rj�ng";"322 hyreshusenhet, hotell eller restaurangbyggnad";0;105170
"1765 �rj�ng";"325 hyreshusenhet, lokaler";0;138353
"1765 �rj�ng";"ovr �vriga hyreshusenheter";1201;3638
"1766 Sunne";"320 hyreshusenhet, bost�der";339051;0
"1766 Sunne";"321 hyreshusenhet, bost�der och lokaler";177532;72462
"1766 Sunne";"322 hyreshusenhet, hotell eller restaurangbyggnad";390;109542
"1766 Sunne";"325 hyreshusenhet, lokaler";0;105195
"1766 Sunne";"ovr �vriga hyreshusenheter";12902;8307
"1780 Karlstad";"320 hyreshusenhet, bost�der";6974831;0
"1780 Karlstad";"321 hyreshusenhet, bost�der och lokaler";13462448;1534030
"1780 Karlstad";"322 hyreshusenhet, hotell eller restaurangbyggnad";16352;520604
"1780 Karlstad";"325 hyreshusenhet, lokaler";0;6343247
"1780 Karlstad";"ovr �vriga hyreshusenheter";76172;242359
"1781 Kristinehamn";"320 hyreshusenhet, bost�der";673090;0
"1781 Kristinehamn";"321 hyreshusenhet, bost�der och lokaler";1020553;199701
"1781 Kristinehamn";"322 hyreshusenhet, hotell eller restaurangbyggnad";273;23451
"1781 Kristinehamn";"325 hyreshusenhet, lokaler";0;369529
"1781 Kristinehamn";"ovr �vriga hyreshusenheter";4396;20429
"1782 Filipstad";"320 hyreshusenhet, bost�der";124523;0
"1782 Filipstad";"321 hyreshusenhet, bost�der och lokaler";271489;47651
"1782 Filipstad";"322 hyreshusenhet, hotell eller restaurangbyggnad";154;14478
"1782 Filipstad";"325 hyreshusenhet, lokaler";0;72835
"1782 Filipstad";"ovr �vriga hyreshusenheter";1974;9691
"1783 Hagfors";"320 hyreshusenhet, bost�der";77896;0
"1783 Hagfors";"321 hyreshusenhet, bost�der och lokaler";195114;42031
"1783 Hagfors";"322 hyreshusenhet, hotell eller restaurangbyggnad";182;15098
"1783 Hagfors";"325 hyreshusenhet, lokaler";0;67245
"1783 Hagfors";"ovr �vriga hyreshusenheter";3348;10608
"1784 Arvika";"320 hyreshusenhet, bost�der";601869;0
"1784 Arvika";"321 hyreshusenhet, bost�der och lokaler";1019958;257262
"1784 Arvika";"322 hyreshusenhet, hotell eller restaurangbyggnad";2963;54151
"1784 Arvika";"325 hyreshusenhet, lokaler";0;234416
"1784 Arvika";"ovr �vriga hyreshusenheter";1115;17483
"1785 S�ffle";"320 hyreshusenhet, bost�der";223122;0
"1785 S�ffle";"321 hyreshusenhet, bost�der och lokaler";448251;110470
"1785 S�ffle";"322 hyreshusenhet, hotell eller restaurangbyggnad";1418;15996
"1785 S�ffle";"325 hyreshusenhet, lokaler";0;184510
"1785 S�ffle";"ovr �vriga hyreshusenheter";480;6782
"1814 Lekeberg";"320 hyreshusenhet, bost�der";96504;0
"1814 Lekeberg";"321 hyreshusenhet, bost�der och lokaler";59705;26611
"1814 Lekeberg";"322 hyreshusenhet, hotell eller restaurangbyggnad";0;6515
"1814 Lekeberg";"325 hyreshusenhet, lokaler";0;21764
"1814 Lekeberg";"ovr �vriga hyreshusenheter";665;877
"1860 Lax�";"320 hyreshusenhet, bost�der";72987;0
"1860 Lax�";"321 hyreshusenhet, bost�der och lokaler";109761;23518
"1860 Lax�";"322 hyreshusenhet, hotell eller restaurangbyggnad";7208;8357
"1860 Lax�";"325 hyreshusenhet, lokaler";0;37057
"1860 Lax�";"ovr �vriga hyreshusenheter";90;8054
"1861 Hallsberg";"320 hyreshusenhet, bost�der";207080;0
"1861 Hallsberg";"321 hyreshusenhet, bost�der och lokaler";515107;95439
"1861 Hallsberg";"322 hyreshusenhet, hotell eller restaurangbyggnad";0;15378
"1861 Hallsberg";"325 hyreshusenhet, lokaler";0;78886
"1861 Hallsberg";"ovr �vriga hyreshusenheter";3829;20814
"1862 Degerfors";"320 hyreshusenhet, bost�der";107614;0
"1862 Degerfors";"321 hyreshusenhet, bost�der och lokaler";222719;37712
"1862 Degerfors";"322 hyreshusenhet, hotell eller restaurangbyggnad";0;3415
"1862 Degerfors";"325 hyreshusenhet, lokaler";0;60814
"1862 Degerfors";"ovr �vriga hyreshusenheter";288;2061
"1863 H�llefors";"320 hyreshusenhet, bost�der";64602;0
"1863 H�llefors";"321 hyreshusenhet, bost�der och lokaler";163855;47302
"1863 H�llefors";"322 hyreshusenhet, hotell eller restaurangbyggnad";263;19231
"1863 H�llefors";"325 hyreshusenhet, lokaler";0;57627
"1863 H�llefors";"ovr �vriga hyreshusenheter";1994;6432
"1864 Ljusnarsberg";"320 hyreshusenhet, bost�der";47860;0
"1864 Ljusnarsberg";"321 hyreshusenhet, bost�der och lokaler";88511;19890
"1864 Ljusnarsberg";"322 hyreshusenhet, hotell eller restaurangbyggnad";903;4845
"1864 Ljusnarsberg";"325 hyreshusenhet, lokaler";0;20682
"1864 Ljusnarsberg";"ovr �vriga hyreshusenheter";456;3127
"1880 �rebro";"320 hyreshusenhet, bost�der";8571042;0
"1880 �rebro";"321 hyreshusenhet, bost�der och lokaler";24721147;3365622
"1880 �rebro";"322 hyreshusenhet, hotell eller restaurangbyggnad";6330;415422
"1880 �rebro";"325 hyreshusenhet, lokaler";0;6176695
"1880 �rebro";"ovr �vriga hyreshusenheter";488748;515511
"1881 Kumla";"320 hyreshusenhet, bost�der";597901;0
"1881 Kumla";"321 hyreshusenhet, bost�der och lokaler";1468772;180900
"1881 Kumla";"322 hyreshusenhet, hotell eller restaurangbyggnad";19156;17901
"1881 Kumla";"325 hyreshusenhet, lokaler";0;128563
"1881 Kumla";"ovr �vriga hyreshusenheter";562;20907
"1882 Askersund";"320 hyreshusenhet, bost�der";214419;0
"1882 Askersund";"321 hyreshusenhet, bost�der och lokaler";324691;64206
"1882 Askersund";"322 hyreshusenhet, hotell eller restaurangbyggnad";264;18326
"1882 Askersund";"325 hyreshusenhet, lokaler";0;63252
"1882 Askersund";"ovr �vriga hyreshusenheter";5377;9864
"1883 Karlskoga";"320 hyreshusenhet, bost�der";279992;0
"1883 Karlskoga";"321 hyreshusenhet, bost�der och lokaler";2115409;320023
"1883 Karlskoga";"322 hyreshusenhet, hotell eller restaurangbyggnad";612;37517
"1883 Karlskoga";"325 hyreshusenhet, lokaler";0;661125
"1883 Karlskoga";"ovr �vriga hyreshusenheter";7138;161482
"1884 Nora";"320 hyreshusenhet, bost�der";339022;0
"1884 Nora";"321 hyreshusenhet, bost�der och lokaler";257747;55686
"1884 Nora";"322 hyreshusenhet, hotell eller restaurangbyggnad";5315;3517
"1884 Nora";"325 hyreshusenhet, lokaler";0;99362
"1884 Nora";"ovr �vriga hyreshusenheter";106;8185
"1885 Lindesberg";"320 hyreshusenhet, bost�der";378580;0
"1885 Lindesberg";"321 hyreshusenhet, bost�der och lokaler";763126;170869
"1885 Lindesberg";"322 hyreshusenhet, hotell eller restaurangbyggnad";0;11963
"1885 Lindesberg";"325 hyreshusenhet, lokaler";0;218207
"1885 Lindesberg";"ovr �vriga hyreshusenheter";12385;20523
"1904 Skinnskatteberg";"320 hyreshusenhet, bost�der";52892;0
"1904 Skinnskatteberg";"321 hyreshusenhet, bost�der och lokaler";48806;4188
"1904 Skinnskatteberg";"322 hyreshusenhet, hotell eller restaurangbyggnad";1137;11462
"1904 Skinnskatteberg";"325 hyreshusenhet, lokaler";0;7294
"1904 Skinnskatteberg";"ovr �vriga hyreshusenheter";2367;5677
"1907 Surahammar";"320 hyreshusenhet, bost�der";170153;0
"1907 Surahammar";"321 hyreshusenhet, bost�der och lokaler";211770;27077
"1907 Surahammar";"322 hyreshusenhet, hotell eller restaurangbyggnad";146;8635
"1907 Surahammar";"325 hyreshusenhet, lokaler";0;32072
"1907 Surahammar";"ovr �vriga hyreshusenheter";3476;19199
"1960 Kungs�r";"320 hyreshusenhet, bost�der";129130;0
"1960 Kungs�r";"321 hyreshusenhet, bost�der och lokaler";304938;59318
"1960 Kungs�r";"322 hyreshusenhet, hotell eller restaurangbyggnad";123;1005
"1960 Kungs�r";"325 hyreshusenhet, lokaler";0;33131
"1960 Kungs�r";"ovr �vriga hyreshusenheter";11483;7905
"1961 Hallstahammar";"320 hyreshusenhet, bost�der";487141;0
"1961 Hallstahammar";"321 hyreshusenhet, bost�der och lokaler";705652;66340
"1961 Hallstahammar";"322 hyreshusenhet, hotell eller restaurangbyggnad";445;15450
"1961 Hallstahammar";"325 hyreshusenhet, lokaler";0;101408
"1961 Hallstahammar";"ovr �vriga hyreshusenheter";9068;22311
"1962 Norberg";"320 hyreshusenhet, bost�der";74273;0
"1962 Norberg";"321 hyreshusenhet, bost�der och lokaler";138313;18813
"1962 Norberg";"322 hyreshusenhet, hotell eller restaurangbyggnad";562;9835
"1962 Norberg";"325 hyreshusenhet, lokaler";0;12869
"1962 Norberg";"ovr �vriga hyreshusenheter";234;1430
"1980 V�ster�s";"320 hyreshusenhet, bost�der";7378525;0
"1980 V�ster�s";"321 hyreshusenhet, bost�der och lokaler";21559470;2184454
"1980 V�ster�s";"322 hyreshusenhet, hotell eller restaurangbyggnad";2760;237672
"1980 V�ster�s";"325 hyreshusenhet, lokaler";0;8448737
"1980 V�ster�s";"ovr �vriga hyreshusenheter";755875;633229
"1981 Sala";"320 hyreshusenhet, bost�der";238802;0
"1981 Sala";"321 hyreshusenhet, bost�der och lokaler";1126869;223829
"1981 Sala";"322 hyreshusenhet, hotell eller restaurangbyggnad";1339;26911
"1981 Sala";"325 hyreshusenhet, lokaler";0;215113
"1981 Sala";"ovr �vriga hyreshusenheter";19120;11935
"1982 Fagersta";"320 hyreshusenhet, bost�der";195691;0
"1982 Fagersta";"321 hyreshusenhet, bost�der och lokaler";630132;51267
"1982 Fagersta";"322 hyreshusenhet, hotell eller restaurangbyggnad";0;39069
"1982 Fagersta";"325 hyreshusenhet, lokaler";0;92545
"1982 Fagersta";"ovr �vriga hyreshusenheter";1596;31117
"1983 K�ping";"320 hyreshusenhet, bost�der";246762;0
"1983 K�ping";"321 hyreshusenhet, bost�der och lokaler";1791274;244791
"1983 K�ping";"322 hyreshusenhet, hotell eller restaurangbyggnad";5052;39368
"1983 K�ping";"325 hyreshusenhet, lokaler";0;285651
"1983 K�ping";"ovr �vriga hyreshusenheter";8473;89778
"1984 Arboga";"320 hyreshusenhet, bost�der";132397;0
"1984 Arboga";"321 hyreshusenhet, bost�der och lokaler";982966;139366
"1984 Arboga";"322 hyreshusenhet, hotell eller restaurangbyggnad";1027;22756
"1984 Arboga";"325 hyreshusenhet, lokaler";0;138568
"1984 Arboga";"ovr �vriga hyreshusenheter";12808;6217
"2021 Vansbro";"320 hyreshusenhet, bost�der";52267;0
"2021 Vansbro";"321 hyreshusenhet, bost�der och lokaler";63104;23239
"2021 Vansbro";"322 hyreshusenhet, hotell eller restaurangbyggnad";94;11586
"2021 Vansbro";"325 hyreshusenhet, lokaler";0;33071
"2021 Vansbro";"ovr �vriga hyreshusenheter";1086;2556
"2023 Malung-S�len";"320 hyreshusenhet, bost�der";857465;0
"2023 Malung-S�len";"321 hyreshusenhet, bost�der och lokaler";186123;81214
"2023 Malung-S�len";"322 hyreshusenhet, hotell eller restaurangbyggnad";21451;301019
"2023 Malung-S�len";"325 hyreshusenhet, lokaler";0;345868
"2023 Malung-S�len";"ovr �vriga hyreshusenheter";6000;21751
"2026 Gagnef";"320 hyreshusenhet, bost�der";72541;0
"2026 Gagnef";"321 hyreshusenhet, bost�der och lokaler";28239;6374
"2026 Gagnef";"322 hyreshusenhet, hotell eller restaurangbyggnad";202;2361
"2026 Gagnef";"325 hyreshusenhet, lokaler";0;38841
"2026 Gagnef";"ovr �vriga hyreshusenheter";2637;4880
"2029 Leksand";"320 hyreshusenhet, bost�der";328730;0
"2029 Leksand";"321 hyreshusenhet, bost�der och lokaler";275388;91929
"2029 Leksand";"322 hyreshusenhet, hotell eller restaurangbyggnad";277;111495
"2029 Leksand";"325 hyreshusenhet, lokaler";0;237419
"2029 Leksand";"ovr �vriga hyreshusenheter";6066;16063
"2031 R�ttvik";"320 hyreshusenhet, bost�der";110124;0
"2031 R�ttvik";"321 hyreshusenhet, bost�der och lokaler";336400;88351
"2031 R�ttvik";"322 hyreshusenhet, hotell eller restaurangbyggnad";432;36100
"2031 R�ttvik";"325 hyreshusenhet, lokaler";0;63786
"2031 R�ttvik";"ovr �vriga hyreshusenheter";48;5639
"2034 Orsa";"320 hyreshusenhet, bost�der";65200;0
"2034 Orsa";"321 hyreshusenhet, bost�der och lokaler";124977;27615
"2034 Orsa";"322 hyreshusenhet, hotell eller restaurangbyggnad";0;22197
"2034 Orsa";"325 hyreshusenhet, lokaler";0;80526
"2034 Orsa";"ovr �vriga hyreshusenheter";372;2117
"2039 �lvdalen";"320 hyreshusenhet, bost�der";210786;0
"2039 �lvdalen";"321 hyreshusenhet, bost�der och lokaler";68245;26473
"2039 �lvdalen";"322 hyreshusenhet, hotell eller restaurangbyggnad";842;69176
"2039 �lvdalen";"325 hyreshusenhet, lokaler";0;89319
"2039 �lvdalen";"ovr �vriga hyreshusenheter";886;4315
"2061 Smedjebacken";"320 hyreshusenhet, bost�der";80683;0
"2061 Smedjebacken";"321 hyreshusenhet, bost�der och lokaler";147126;28075
"2061 Smedjebacken";"322 hyreshusenhet, hotell eller restaurangbyggnad";0;9942
"2061 Smedjebacken";"325 hyreshusenhet, lokaler";0;59241
"2061 Smedjebacken";"ovr �vriga hyreshusenheter";3822;16465
"2062 Mora";"320 hyreshusenhet, bost�der";371076;0
"2062 Mora";"321 hyreshusenhet, bost�der och lokaler";477722;195069
"2062 Mora";"322 hyreshusenhet, hotell eller restaurangbyggnad";0;72230
"2062 Mora";"325 hyreshusenhet, lokaler";0;503388
"2062 Mora";"ovr �vriga hyreshusenheter";2041;29305
"2080 Falun";"320 hyreshusenhet, bost�der";1145228;0
"2080 Falun";"321 hyreshusenhet, bost�der och lokaler";4439617;782733
"2080 Falun";"322 hyreshusenhet, hotell eller restaurangbyggnad";1022;163761
"2080 Falun";"325 hyreshusenhet, lokaler";0;1816340
"2080 Falun";"ovr �vriga hyreshusenheter";18572;64265
"2081 Borl�nge";"320 hyreshusenhet, bost�der";745833;0
"2081 Borl�nge";"321 hyreshusenhet, bost�der och lokaler";3831703;483674
"2081 Borl�nge";"322 hyreshusenhet, hotell eller restaurangbyggnad";0;133683
"2081 Borl�nge";"325 hyreshusenhet, lokaler";0;2781759
"2081 Borl�nge";"ovr �vriga hyreshusenheter";12040;97722
"2082 S�ter";"320 hyreshusenhet, bost�der";106962;0
"2082 S�ter";"321 hyreshusenhet, bost�der och lokaler";219645;33447
"2082 S�ter";"322 hyreshusenhet, hotell eller restaurangbyggnad";1378;8061
"2082 S�ter";"325 hyreshusenhet, lokaler";0;46058
"2082 S�ter";"ovr �vriga hyreshusenheter";2349;2365
"2083 Hedemora";"320 hyreshusenhet, bost�der";298444;0
"2083 Hedemora";"321 hyreshusenhet, bost�der och lokaler";395514;141009
"2083 Hedemora";"322 hyreshusenhet, hotell eller restaurangbyggnad";173;8543
"2083 Hedemora";"325 hyreshusenhet, lokaler";0;153789
"2083 Hedemora";"ovr �vriga hyreshusenheter";1843;39846
"2084 Avesta";"320 hyreshusenhet, bost�der";196334;0
"2084 Avesta";"321 hyreshusenhet, bost�der och lokaler";1001534;120736
"2084 Avesta";"322 hyreshusenhet, hotell eller restaurangbyggnad";0;26696
"2084 Avesta";"325 hyreshusenhet, lokaler";0;398185
"2084 Avesta";"ovr �vriga hyreshusenheter";2674;50118
"2085 Ludvika";"320 hyreshusenhet, bost�der";270223;0
"2085 Ludvika";"321 hyreshusenhet, bost�der och lokaler";1162763;275414
"2085 Ludvika";"322 hyreshusenhet, hotell eller restaurangbyggnad";0;24120
"2085 Ludvika";"325 hyreshusenhet, lokaler";0;369123
"2085 Ludvika";"ovr �vriga hyreshusenheter";7725;51783
"2101 Ockelbo";"320 hyreshusenhet, bost�der";57473;0
"2101 Ockelbo";"321 hyreshusenhet, bost�der och lokaler";57280;43440
"2101 Ockelbo";"322 hyreshusenhet, hotell eller restaurangbyggnad";0;4062
"2101 Ockelbo";"325 hyreshusenhet, lokaler";0;19539
"2101 Ockelbo";"ovr �vriga hyreshusenheter";320;1922
"2104 Hofors";"320 hyreshusenhet, bost�der";79607;0
"2104 Hofors";"321 hyreshusenhet, bost�der och lokaler";259796;53983
"2104 Hofors";"322 hyreshusenhet, hotell eller restaurangbyggnad";704;5713
"2104 Hofors";"325 hyreshusenhet, lokaler";0;74419
"2104 Hofors";"ovr �vriga hyreshusenheter";974;7197
"2121 Ovan�ker";"320 hyreshusenhet, bost�der";44389;0
"2121 Ovan�ker";"321 hyreshusenhet, bost�der och lokaler";287391;58371
"2121 Ovan�ker";"322 hyreshusenhet, hotell eller restaurangbyggnad";298;5438
"2121 Ovan�ker";"325 hyreshusenhet, lokaler";0;46291
"2121 Ovan�ker";"ovr �vriga hyreshusenheter";3526;21098
"2132 Nordanstig";"320 hyreshusenhet, bost�der";103305;0
"2132 Nordanstig";"321 hyreshusenhet, bost�der och lokaler";50413;27426
"2132 Nordanstig";"322 hyreshusenhet, hotell eller restaurangbyggnad";103;23050
"2132 Nordanstig";"325 hyreshusenhet, lokaler";0;19483
"2132 Nordanstig";"ovr �vriga hyreshusenheter";3781;1674
"2161 Ljusdal";"320 hyreshusenhet, bost�der";288615;0
"2161 Ljusdal";"321 hyreshusenhet, bost�der och lokaler";542865;98611
"2161 Ljusdal";"322 hyreshusenhet, hotell eller restaurangbyggnad";419;55459
"2161 Ljusdal";"325 hyreshusenhet, lokaler";0;213819
"2161 Ljusdal";"ovr �vriga hyreshusenheter";5746;14927
"2180 G�vle";"320 hyreshusenhet, bost�der";2440884;0
"2180 G�vle";"321 hyreshusenhet, bost�der och lokaler";9632839;1253942
"2180 G�vle";"322 hyreshusenhet, hotell eller restaurangbyggnad";546;302888
"2180 G�vle";"325 hyreshusenhet, lokaler";0;5166335
"2180 G�vle";"ovr �vriga hyreshusenheter";125614;237152
"2181 Sandviken";"320 hyreshusenhet, bost�der";455298;0
"2181 Sandviken";"321 hyreshusenhet, bost�der och lokaler";2463380;332645
"2181 Sandviken";"322 hyreshusenhet, hotell eller restaurangbyggnad";48674;95431
"2181 Sandviken";"325 hyreshusenhet, lokaler";0;771543
"2181 Sandviken";"ovr �vriga hyreshusenheter";30469;148432
"2182 S�derhamn";"320 hyreshusenhet, bost�der";266493;0
"2182 S�derhamn";"321 hyreshusenhet, bost�der och lokaler";864465;209862
"2182 S�derhamn";"322 hyreshusenhet, hotell eller restaurangbyggnad";380;31068
"2182 S�derhamn";"325 hyreshusenhet, lokaler";0;405753
"2182 S�derhamn";"ovr �vriga hyreshusenheter";7539;41589
"2183 Bolln�s";"320 hyreshusenhet, bost�der";399239;0
"2183 Bolln�s";"321 hyreshusenhet, bost�der och lokaler";1197840;184427
"2183 Bolln�s";"322 hyreshusenhet, hotell eller restaurangbyggnad";932;41721
"2183 Bolln�s";"325 hyreshusenhet, lokaler";0;535629
"2183 Bolln�s";"ovr �vriga hyreshusenheter";799;23854
"2184 Hudiksvall";"320 hyreshusenhet, bost�der";551029;0
"2184 Hudiksvall";"321 hyreshusenhet, bost�der och lokaler";2030165;309142
"2184 Hudiksvall";"322 hyreshusenhet, hotell eller restaurangbyggnad";1026;79247
"2184 Hudiksvall";"325 hyreshusenhet, lokaler";0;722694
"2184 Hudiksvall";"ovr �vriga hyreshusenheter";6697;56008
"2260 �nge";"320 hyreshusenhet, bost�der";70710;0
"2260 �nge";"321 hyreshusenhet, bost�der och lokaler";139717;34007
"2260 �nge";"322 hyreshusenhet, hotell eller restaurangbyggnad";414;6675
"2260 �nge";"325 hyreshusenhet, lokaler";0;59488
"2260 �nge";"ovr �vriga hyreshusenheter";1263;7151
"2262 Timr�";"320 hyreshusenhet, bost�der";170391;0
"2262 Timr�";"321 hyreshusenhet, bost�der och lokaler";668265;62495
"2262 Timr�";"322 hyreshusenhet, hotell eller restaurangbyggnad";0;10881
"2262 Timr�";"325 hyreshusenhet, lokaler";0;85200
"2262 Timr�";"ovr �vriga hyreshusenheter";0;5868
"2280 H�rn�sand";"320 hyreshusenhet, bost�der";308155;0
"2280 H�rn�sand";"321 hyreshusenhet, bost�der och lokaler";1298400;244500
"2280 H�rn�sand";"322 hyreshusenhet, hotell eller restaurangbyggnad";5661;33349
"2280 H�rn�sand";"325 hyreshusenhet, lokaler";0;543555
"2280 H�rn�sand";"ovr �vriga hyreshusenheter";6096;7438
"2281 Sundsvall";"320 hyreshusenhet, bost�der";2425743;0
"2281 Sundsvall";"321 hyreshusenhet, bost�der och lokaler";8680799;1551454
"2281 Sundsvall";"322 hyreshusenhet, hotell eller restaurangbyggnad";14756;286042
"2281 Sundsvall";"325 hyreshusenhet, lokaler";0;4919334
"2281 Sundsvall";"ovr �vriga hyreshusenheter";48128;323952
"2282 Kramfors";"320 hyreshusenhet, bost�der";109413;0
"2282 Kramfors";"321 hyreshusenhet, bost�der och lokaler";290567;93277
"2282 Kramfors";"322 hyreshusenhet, hotell eller restaurangbyggnad";67;22276
"2282 Kramfors";"325 hyreshusenhet, lokaler";0;126797
"2282 Kramfors";"ovr �vriga hyreshusenheter";2922;6023
"2283 Sollefte�";"320 hyreshusenhet, bost�der";217717;0
"2283 Sollefte�";"321 hyreshusenhet, bost�der och lokaler";371715;106691
"2283 Sollefte�";"322 hyreshusenhet, hotell eller restaurangbyggnad";208;21729
"2283 Sollefte�";"325 hyreshusenhet, lokaler";0;154915
"2283 Sollefte�";"ovr �vriga hyreshusenheter";1258;1156
"2284 �rnsk�ldsvik";"320 hyreshusenhet, bost�der";1146055;0
"2284 �rnsk�ldsvik";"321 hyreshusenhet, bost�der och lokaler";2777854;484422
"2284 �rnsk�ldsvik";"322 hyreshusenhet, hotell eller restaurangbyggnad";636;149560
"2284 �rnsk�ldsvik";"325 hyreshusenhet, lokaler";0;962157
"2284 �rnsk�ldsvik";"ovr �vriga hyreshusenheter";56294;60557
"2303 Ragunda";"320 hyreshusenhet, bost�der";28081;0
"2303 Ragunda";"321 hyreshusenhet, bost�der och lokaler";22728;10639
"2303 Ragunda";"322 hyreshusenhet, hotell eller restaurangbyggnad";273;5418
"2303 Ragunda";"325 hyreshusenhet, lokaler";0;13141
"2303 Ragunda";"ovr �vriga hyreshusenheter";373;2300
"2305 Br�cke";"320 hyreshusenhet, bost�der";28715;0
"2305 Br�cke";"321 hyreshusenhet, bost�der och lokaler";55290;26652
"2305 Br�cke";"322 hyreshusenhet, hotell eller restaurangbyggnad";242;8210
"2305 Br�cke";"325 hyreshusenhet, lokaler";0;13725
"2305 Br�cke";"ovr �vriga hyreshusenheter";207;1130
"2309 Krokom";"320 hyreshusenhet, bost�der";144459;0
"2309 Krokom";"321 hyreshusenhet, bost�der och lokaler";187699;27714
"2309 Krokom";"322 hyreshusenhet, hotell eller restaurangbyggnad";72;8453
"2309 Krokom";"325 hyreshusenhet, lokaler";0;88038
"2309 Krokom";"ovr �vriga hyreshusenheter";1623;7368
"2313 Str�msund";"320 hyreshusenhet, bost�der";61956;0
"2313 Str�msund";"321 hyreshusenhet, bost�der och lokaler";176372;41541
"2313 Str�msund";"322 hyreshusenhet, hotell eller restaurangbyggnad";319;11572
"2313 Str�msund";"325 hyreshusenhet, lokaler";0;72572
"2313 Str�msund";"ovr �vriga hyreshusenheter";3000;1477
"2321 �re";"320 hyreshusenhet, bost�der";2165894;0
"2321 �re";"321 hyreshusenhet, bost�der och lokaler";962597;190758
"2321 �re";"322 hyreshusenhet, hotell eller restaurangbyggnad";3789;898793
"2321 �re";"325 hyreshusenhet, lokaler";0;509581
"2321 �re";"ovr �vriga hyreshusenheter";143264;21588
"2326 Berg";"320 hyreshusenhet, bost�der";76808;0
"2326 Berg";"321 hyreshusenhet, bost�der och lokaler";23517;12921
"2326 Berg";"322 hyreshusenhet, hotell eller restaurangbyggnad";0;46901
"2326 Berg";"325 hyreshusenhet, lokaler";0;43523
"2326 Berg";"ovr �vriga hyreshusenheter";1880;6298
"2361 H�rjedalen";"320 hyreshusenhet, bost�der";474163;0
"2361 H�rjedalen";"321 hyreshusenhet, bost�der och lokaler";162308;55443
"2361 H�rjedalen";"322 hyreshusenhet, hotell eller restaurangbyggnad";14246;383767
"2361 H�rjedalen";"325 hyreshusenhet, lokaler";0;176299
"2361 H�rjedalen";"ovr �vriga hyreshusenheter";16924;28003
"2380 �stersund";"320 hyreshusenhet, bost�der";1355837;0
"2380 �stersund";"321 hyreshusenhet, bost�der och lokaler";8009036;1317845
"2380 �stersund";"322 hyreshusenhet, hotell eller restaurangbyggnad";5212;182955
"2380 �stersund";"325 hyreshusenhet, lokaler";0;2461341
"2380 �stersund";"ovr �vriga hyreshusenheter";33610;74561
"2401 Nordmaling";"320 hyreshusenhet, bost�der";145735;0
"2401 Nordmaling";"321 hyreshusenhet, bost�der och lokaler";41512;23939
"2401 Nordmaling";"322 hyreshusenhet, hotell eller restaurangbyggnad";0;3081
"2401 Nordmaling";"325 hyreshusenhet, lokaler";0;21871
"2401 Nordmaling";"ovr �vriga hyreshusenheter";1351;3080
"2403 Bjurholm";"320 hyreshusenhet, bost�der";10098;0
"2403 Bjurholm";"321 hyreshusenhet, bost�der och lokaler";8345;5489
"2403 Bjurholm";"322 hyreshusenhet, hotell eller restaurangbyggnad";0;0
"2403 Bjurholm";"325 hyreshusenhet, lokaler";0;4184
"2403 Bjurholm";"ovr �vriga hyreshusenheter";106;575
"2404 Vindeln";"320 hyreshusenhet, bost�der";49757;0
"2404 Vindeln";"321 hyreshusenhet, bost�der och lokaler";55163;18341
"2404 Vindeln";"322 hyreshusenhet, hotell eller restaurangbyggnad";420;8392
"2404 Vindeln";"325 hyreshusenhet, lokaler";0;32237
"2404 Vindeln";"ovr �vriga hyreshusenheter";798;728
"2409 Robertsfors";"320 hyreshusenhet, bost�der";55038;0
"2409 Robertsfors";"321 hyreshusenhet, bost�der och lokaler";34720;12906
"2409 Robertsfors";"322 hyreshusenhet, hotell eller restaurangbyggnad";0;233
"2409 Robertsfors";"325 hyreshusenhet, lokaler";0;14375
"2409 Robertsfors";"ovr �vriga hyreshusenheter";1066;4284
"2417 Norsj�";"320 hyreshusenhet, bost�der";25562;0
"2417 Norsj�";"321 hyreshusenhet, bost�der och lokaler";33194;15345
"2417 Norsj�";"322 hyreshusenhet, hotell eller restaurangbyggnad";0;3891
"2417 Norsj�";"325 hyreshusenhet, lokaler";0;10596
"2417 Norsj�";"ovr �vriga hyreshusenheter";370;409
"2418 Mal�";"320 hyreshusenhet, bost�der";26039;0
"2418 Mal�";"321 hyreshusenhet, bost�der och lokaler";19322;12567
"2418 Mal�";"322 hyreshusenhet, hotell eller restaurangbyggnad";0;3449
"2418 Mal�";"325 hyreshusenhet, lokaler";0;11481
"2418 Mal�";"ovr �vriga hyreshusenheter";69;301
"2421 Storuman";"320 hyreshusenhet, bost�der";82679;0
"2421 Storuman";"321 hyreshusenhet, bost�der och lokaler";84251;17175
"2421 Storuman";"322 hyreshusenhet, hotell eller restaurangbyggnad";880;36279
"2421 Storuman";"325 hyreshusenhet, lokaler";0;58187
"2421 Storuman";"ovr �vriga hyreshusenheter";9470;3671
"2422 Sorsele";"320 hyreshusenhet, bost�der";14630;0
"2422 Sorsele";"321 hyreshusenhet, bost�der och lokaler";11499;7004
"2422 Sorsele";"322 hyreshusenhet, hotell eller restaurangbyggnad";78;7126
"2422 Sorsele";"325 hyreshusenhet, lokaler";0;6544
"2422 Sorsele";"ovr �vriga hyreshusenheter";67;582
"2425 Dorotea";"320 hyreshusenhet, bost�der";8880;0
"2425 Dorotea";"321 hyreshusenhet, bost�der och lokaler";46331;10766
"2425 Dorotea";"322 hyreshusenhet, hotell eller restaurangbyggnad";0;5947
"2425 Dorotea";"325 hyreshusenhet, lokaler";0;9454
"2425 Dorotea";"ovr �vriga hyreshusenheter";528;2293
"2460 V�nn�s";"320 hyreshusenhet, bost�der";207848;0
"2460 V�nn�s";"321 hyreshusenhet, bost�der och lokaler";258055;29939
"2460 V�nn�s";"322 hyreshusenhet, hotell eller restaurangbyggnad";0;5340
"2460 V�nn�s";"325 hyreshusenhet, lokaler";0;45418
"2460 V�nn�s";"ovr �vriga hyreshusenheter";4522;560
"2462 Vilhelmina";"320 hyreshusenhet, bost�der";61139;0
"2462 Vilhelmina";"321 hyreshusenhet, bost�der och lokaler";105498;29983
"2462 Vilhelmina";"322 hyreshusenhet, hotell eller restaurangbyggnad";54;13504
"2462 Vilhelmina";"325 hyreshusenhet, lokaler";0;36628
"2462 Vilhelmina";"ovr �vriga hyreshusenheter";387;8486
"2463 �sele";"320 hyreshusenhet, bost�der";13240;0
"2463 �sele";"321 hyreshusenhet, bost�der och lokaler";25691;9813
"2463 �sele";"322 hyreshusenhet, hotell eller restaurangbyggnad";0;4839
"2463 �sele";"325 hyreshusenhet, lokaler";0;5683
"2463 �sele";"ovr �vriga hyreshusenheter";646;488
"2480 Ume�";"320 hyreshusenhet, bost�der";11681157;0
"2480 Ume�";"321 hyreshusenhet, bost�der och lokaler";18844956;2482498
"2480 Ume�";"322 hyreshusenhet, hotell eller restaurangbyggnad";2164;745792
"2480 Ume�";"325 hyreshusenhet, lokaler";0;5290065
"2480 Ume�";"ovr �vriga hyreshusenheter";212157;161939
"2481 Lycksele";"320 hyreshusenhet, bost�der";205271;0
"2481 Lycksele";"321 hyreshusenhet, bost�der och lokaler";308548;80741
"2481 Lycksele";"322 hyreshusenhet, hotell eller restaurangbyggnad";660;77600
"2481 Lycksele";"325 hyreshusenhet, lokaler";0;98300
"2481 Lycksele";"ovr �vriga hyreshusenheter";3374;5989
"2482 Skellefte�";"320 hyreshusenhet, bost�der";1476610;0
"2482 Skellefte�";"321 hyreshusenhet, bost�der och lokaler";4234185;754517
"2482 Skellefte�";"322 hyreshusenhet, hotell eller restaurangbyggnad";599;52714
"2482 Skellefte�";"325 hyreshusenhet, lokaler";0;1461898
"2482 Skellefte�";"ovr �vriga hyreshusenheter";4366;62502
"2505 Arvidsjaur";"320 hyreshusenhet, bost�der";188597;0
"2505 Arvidsjaur";"321 hyreshusenhet, bost�der och lokaler";136267;25791
"2505 Arvidsjaur";"322 hyreshusenhet, hotell eller restaurangbyggnad";591;26097
"2505 Arvidsjaur";"325 hyreshusenhet, lokaler";0;43015
"2505 Arvidsjaur";"ovr �vriga hyreshusenheter";177;1962
"2506 Arjeplog";"320 hyreshusenhet, bost�der";40849;0
"2506 Arjeplog";"321 hyreshusenhet, bost�der och lokaler";34318;11759
"2506 Arjeplog";"322 hyreshusenhet, hotell eller restaurangbyggnad";466;54774
"2506 Arjeplog";"325 hyreshusenhet, lokaler";0;22620
"2506 Arjeplog";"ovr �vriga hyreshusenheter";20;2519
"2510 Jokkmokk";"320 hyreshusenhet, bost�der";59392;0
"2510 Jokkmokk";"321 hyreshusenhet, bost�der och lokaler";44356;12045
"2510 Jokkmokk";"322 hyreshusenhet, hotell eller restaurangbyggnad";0;9006
"2510 Jokkmokk";"325 hyreshusenhet, lokaler";0;25130
"2510 Jokkmokk";"ovr �vriga hyreshusenheter";468;1077
"2513 �verkalix";"320 hyreshusenhet, bost�der";18172;0
"2513 �verkalix";"321 hyreshusenhet, bost�der och lokaler";32766;6453
"2513 �verkalix";"322 hyreshusenhet, hotell eller restaurangbyggnad";0;1914
"2513 �verkalix";"325 hyreshusenhet, lokaler";0;16368
"2513 �verkalix";"ovr �vriga hyreshusenheter";434;699
"2514 Kalix";"320 hyreshusenhet, bost�der";223313;0
"2514 Kalix";"321 hyreshusenhet, bost�der och lokaler";408866;93001
"2514 Kalix";"322 hyreshusenhet, hotell eller restaurangbyggnad";0;16629
"2514 Kalix";"325 hyreshusenhet, lokaler";0;154407
"2514 Kalix";"ovr �vriga hyreshusenheter";699;10334
"2518 �vertorne�";"320 hyreshusenhet, bost�der";38951;0
"2518 �vertorne�";"321 hyreshusenhet, bost�der och lokaler";57627;14340
"2518 �vertorne�";"322 hyreshusenhet, hotell eller restaurangbyggnad";0;11193
"2518 �vertorne�";"325 hyreshusenhet, lokaler";0;18312
"2518 �vertorne�";"ovr �vriga hyreshusenheter";522;1720
"2521 Pajala";"320 hyreshusenhet, bost�der";40249;0
"2521 Pajala";"321 hyreshusenhet, bost�der och lokaler";98492;19262
"2521 Pajala";"322 hyreshusenhet, hotell eller restaurangbyggnad";184;7603
"2521 Pajala";"325 hyreshusenhet, lokaler";0;23334
"2521 Pajala";"ovr �vriga hyreshusenheter";1943;3005
"2523 G�llivare";"320 hyreshusenhet, bost�der";175362;0
"2523 G�llivare";"321 hyreshusenhet, bost�der och lokaler";1384586;121810
"2523 G�llivare";"322 hyreshusenhet, hotell eller restaurangbyggnad";0;46541
"2523 G�llivare";"325 hyreshusenhet, lokaler";0;228665
"2523 G�llivare";"ovr �vriga hyreshusenheter";767;22234
"2560 �lvsbyn";"320 hyreshusenhet, bost�der";95987;0
"2560 �lvsbyn";"321 hyreshusenhet, bost�der och lokaler";181017;34205
"2560 �lvsbyn";"322 hyreshusenhet, hotell eller restaurangbyggnad";81;7929
"2560 �lvsbyn";"325 hyreshusenhet, lokaler";0;48994
"2560 �lvsbyn";"ovr �vriga hyreshusenheter";2860;1318
"2580 Lule�";"320 hyreshusenhet, bost�der";2724207;0
"2580 Lule�";"321 hyreshusenhet, bost�der och lokaler";9707290;1426711
"2580 Lule�";"322 hyreshusenhet, hotell eller restaurangbyggnad";11102;256118
"2580 Lule�";"325 hyreshusenhet, lokaler";0;3389956
"2580 Lule�";"ovr �vriga hyreshusenheter";10472;388464
"2581 Pite�";"320 hyreshusenhet, bost�der";863856;0
"2581 Pite�";"321 hyreshusenhet, bost�der och lokaler";2378569;402807
"2581 Pite�";"322 hyreshusenhet, hotell eller restaurangbyggnad";1091;62259
"2581 Pite�";"325 hyreshusenhet, lokaler";0;736961
"2581 Pite�";"ovr �vriga hyreshusenheter";32143;86201
"2582 Boden";"320 hyreshusenhet, bost�der";704841;0
"2582 Boden";"321 hyreshusenhet, bost�der och lokaler";1487189;247950
"2582 Boden";"322 hyreshusenhet, hotell eller restaurangbyggnad";0;12388
"2582 Boden";"325 hyreshusenhet, lokaler";0;352915
"2582 Boden";"ovr �vriga hyreshusenheter";16969;20497
"2583 Haparanda";"320 hyreshusenhet, bost�der";414654;0
"2583 Haparanda";"321 hyreshusenhet, bost�der och lokaler";353921;66758
"2583 Haparanda";"322 hyreshusenhet, hotell eller restaurangbyggnad";0;24557
"2583 Haparanda";"325 hyreshusenhet, lokaler";0;492541
"2583 Haparanda";"ovr �vriga hyreshusenheter";3215;116610
"2584 Kiruna";"320 hyreshusenhet, bost�der";742238;0
"2584 Kiruna";"321 hyreshusenhet, bost�der och lokaler";1898299;246445
"2584 Kiruna";"322 hyreshusenhet, hotell eller restaurangbyggnad";1922;91331
"2584 Kiruna";"325 hyreshusenhet, lokaler";0;487608
"2584 Kiruna";"ovr �vriga hyreshusenheter";4403;30074
